Date,BDI_Index,Bunker_Fuel_USD,Coal_Price_USD,Port_Wait_Days,Freight_Rate_USD
2021-01-01,2052.7,503.17,172.78,3,35.56
2021-01-02,2103.2,500.68,172.88,5,36.59
2021-01-03,2090.7,505.3,173.68,4,36.83
2021-01-04,2101.3,510.37,170.22,3,35.62
2021-01-05,2076.2,502.27,170.52,4,35.39
2021-01-06,2139.9,502.95,168.04,5,36.58
2021-01-07,2067.9,512.7,168.91,3,35.31
2021-01-08,2178.1,509.32,171.66,3,36.24
2021-01-09,2092.7,503.82,173.37,3,35.11
2021-01-10,2107.5,509.56,169.29,6,37.22
2021-01-11,2080.0,505.21,168.29,4,35.97
2021-01-12,2082.5,505.87,169.58,2,34.54
2021-01-13,2088.1,510.08,171.31,5,36.74
2021-01-14,2095.2,499.97,165.09,3,35.14
2021-01-15,2042.0,501.58,162.45,2,34.19
2021-01-16,2106.4,508.06,167.6,3,35.71
2021-01-17,2036.1,506.47,165.49,3,34.38
2021-01-18,2112.5,513.76,167.52,5,36.84
2021-01-19,2120.7,508.3,168.5,2,34.25
2021-01-20,2062.7,506.43,167.47,5,35.69
2021-01-21,2145.3,521.47,173.07,3,36.81
2021-01-22,2110.9,513.65,169.56,2,35.12
2021-01-23,2152.3,515.75,169.36,6,37.15
2021-01-24,2082.4,508.93,170.19,3,36.0
2021-01-25,2170.9,513.96,164.76,3,35.96
2021-01-26,2059.3,517.85,171.15,3,35.75
2021-01-27,2095.3,512.16,167.65,5,36.91
2021-01-28,2077.6,520.41,169.74,3,35.82
2021-01-29,2149.2,516.13,164.35,2,35.16
2021-01-30,2096.3,518.28,162.73,2,35.1
2021-01-31,2111.0,517.33,169.68,3,36.93
2021-02-01,2142.7,530.19,168.17,4,36.5
2021-02-02,2110.4,521.44,164.16,3,37.1
2021-02-03,2088.5,516.8,164.07,2,35.94
2021-02-04,2098.5,526.77,169.86,2,35.7
2021-02-05,2105.3,517.11,162.72,3,35.92
2021-02-06,2138.7,524.82,171.01,5,36.8
2021-02-07,2115.5,514.53,163.18,3,35.81
2021-02-08,2160.3,518.23,167.58,6,37.18
2021-02-09,2064.2,526.39,164.46,3,35.58
2021-02-10,2126.8,529.62,167.04,2,35.21
2021-02-11,2147.5,527.31,163.37,5,36.52
2021-02-12,2115.0,526.38,164.28,3,36.54
2021-02-13,2059.8,525.96,164.66,4,35.32
2021-02-14,2071.2,520.57,161.29,6,37.13
2021-02-15,2128.1,524.85,166.28,2,34.94
2021-02-16,2121.8,526.63,162.27,2,35.93
2021-02-17,2144.6,534.69,162.87,4,36.69
2021-02-18,2098.5,531.58,160.32,3,36.49
2021-02-19,2099.5,521.5,155.36,2,35.29
2021-02-20,2099.3,532.38,162.21,2,34.78
2021-02-21,2139.9,529.27,169.76,2,35.78
2021-02-22,2122.9,528.24,164.6,4,36.57
2021-02-23,2106.0,535.1,161.92,2,35.62
2021-02-24,2167.2,537.6,160.91,3,36.83
2021-02-25,2086.6,537.5,161.48,4,36.13
2021-02-26,2115.6,529.04,162.77,3,35.55
2021-02-27,2091.6,532.06,157.3,2,35.11
2021-02-28,2177.1,535.63,163.9,4,36.85
2021-03-01,2148.6,539.21,162.41,2,35.87
2021-03-02,2106.4,532.29,162.12,4,37.4
2021-03-03,2116.1,534.09,160.98,5,37.44
2021-03-04,2160.1,529.82,159.42,3,36.7
2021-03-05,2093.0,529.68,161.07,3,36.07
2021-03-06,2087.0,540.03,160.52,3,36.12
2021-03-07,2136.6,543.05,157.37,3,36.56
2021-03-08,2124.9,536.19,156.4,5,37.11
2021-03-09,2145.6,541.84,158.11,5,37.31
2021-03-10,2149.4,538.9,162.14,3,35.64
2021-03-11,2152.3,534.12,153.45,4,36.68
2021-03-12,2071.0,539.39,152.44,5,36.56
2021-03-13,2102.2,545.5,157.02,6,37.1
2021-03-14,2136.0,537.85,156.35,3,36.13
2021-03-15,2104.2,546.06,156.39,3,36.35
2021-03-16,2064.1,525.34,156.27,3,35.9
2021-03-17,2169.8,542.73,154.54,6,38.02
2021-03-18,2087.0,539.23,159.34,2,35.88
2021-03-19,2096.9,537.46,149.74,3,36.34
2021-03-20,2111.3,539.56,151.72,3,36.06
2021-03-21,2133.8,529.31,153.56,3,36.42
2021-03-22,2057.9,538.27,148.6,3,35.04
2021-03-23,2127.6,541.27,152.66,6,37.39
2021-03-24,2113.9,546.98,157.83,2,35.72
2021-03-25,2126.5,537.09,152.57,3,36.88
2021-03-26,2086.6,535.72,152.86,2,35.66
2021-03-27,2141.4,537.32,148.04,2,35.46
2021-03-28,2093.4,544.47,149.63,3,36.35
2021-03-29,2050.8,541.58,150.01,3,36.09
2021-03-30,2085.9,537.32,149.84,3,35.91
2021-03-31,2115.9,542.56,154.3,3,36.54
2021-04-01,2141.3,540.48,151.78,2,35.04
2021-04-02,2078.7,544.84,146.43,3,34.92
2021-04-03,2074.1,536.47,150.16,6,36.57
2021-04-04,2132.6,538.32,150.57,5,37.2
2021-04-05,2076.9,537.96,152.15,3,36.5
2021-04-06,2100.6,532.55,153.13,3,35.54
2021-04-07,2098.0,541.29,145.0,5,36.56
2021-04-08,2107.5,541.04,145.27,2,35.81
2021-04-09,2077.9,539.68,143.59,5,36.52
2021-04-10,2077.0,538.38,146.32,5,36.47
2021-04-11,2103.1,532.37,148.08,2,35.44
2021-04-12,2082.0,537.22,149.31,2,36.04
2021-04-13,2063.8,537.48,145.78,6,37.42
2021-04-14,2122.7,535.04,144.71,3,36.22
2021-04-15,2110.9,538.09,145.79,2,36.42
2021-04-16,2140.3,540.75,142.49,3,36.64
2021-04-17,2143.4,547.98,150.94,3,37.03
2021-04-18,2056.2,539.24,139.51,4,35.79
2021-04-19,2100.7,539.45,144.56,4,36.24
2021-04-20,2080.5,537.58,149.75,6,36.84
2021-04-21,2037.7,528.13,143.38,3,35.39
2021-04-22,2079.8,537.36,142.46,3,35.92
2021-04-23,2114.1,537.55,141.64,3,36.31
2021-04-24,2114.5,549.31,141.85,3,37.15
2021-04-25,2061.3,535.76,146.19,2,35.62
2021-04-26,2065.1,537.95,135.12,6,36.78
2021-04-27,2092.5,535.98,146.05,5,36.78
2021-04-28,2026.5,530.01,136.87,3,35.96
2021-04-29,2109.8,541.26,140.03,4,36.91
2021-04-30,2081.2,538.99,139.24,2,36.13
2021-05-01,2057.5,538.85,141.99,3,35.55
2021-05-02,2029.1,530.01,135.13,4,35.5
2021-05-03,2121.4,541.22,141.02,3,36.01
2021-05-04,2071.5,526.83,145.41,6,36.71
2021-05-05,2104.3,536.4,134.96,4,36.05
2021-05-06,2134.0,544.04,139.33,3,36.55
2021-05-07,2090.2,527.74,136.49,4,36.36
2021-05-08,2059.8,529.46,139.48,2,35.76
2021-05-09,2012.1,532.38,137.98,3,34.58
2021-05-10,2072.7,528.95,135.73,3,35.34
2021-05-11,2114.9,523.28,138.85,3,36.29
2021-05-12,2080.6,530.94,142.53,4,36.28
2021-05-13,2010.1,524.84,136.28,3,35.17
2021-05-14,2058.7,532.06,138.76,4,36.56
2021-05-15,2047.3,524.63,132.47,3,35.04
2021-05-16,2043.8,536.5,133.23,3,35.31
2021-05-17,1997.0,524.35,137.27,5,35.5
2021-05-18,2066.9,526.17,140.06,2,34.42
2021-05-19,2050.3,531.35,136.44,2,35.23
2021-05-20,2093.6,520.62,134.2,3,35.55
2021-05-21,2063.4,527.39,134.91,3,35.33
2021-05-22,2072.0,532.27,130.94,2,34.99
2021-05-23,2045.3,517.17,136.28,4,35.71
2021-05-24,2064.5,525.59,136.9,3,35.28
2021-05-25,2012.2,525.42,132.69,3,35.27
2021-05-26,2030.1,527.48,132.43,6,36.74
2021-05-27,2071.3,516.82,134.44,3,35.41
2021-05-28,2043.3,515.84,132.13,5,35.94
2021-05-29,2042.9,524.48,133.06,2,35.08
2021-05-30,2075.0,522.77,139.37,3,35.63
2021-05-31,2059.9,521.96,132.15,5,36.84
2021-06-01,2095.8,521.84,131.64,3,35.92
2021-06-02,2039.4,516.11,130.6,4,36.1
2021-06-03,2022.8,520.07,134.61,3,35.43
2021-06-04,2040.1,519.77,131.67,2,34.39
2021-06-05,2046.6,514.11,130.11,3,35.06
2021-06-06,2086.2,526.4,135.88,3,35.77
2021-06-07,2009.9,518.81,136.03,5,36.21
2021-06-08,2030.8,509.86,129.83,2,35.47
2021-06-09,2007.1,518.46,125.9,6,36.04
2021-06-10,2019.1,509.67,134.39,6,36.22
2021-06-11,2056.3,517.83,129.19,2,35.34
2021-06-12,2064.2,519.04,133.5,3,35.48
2021-06-13,1996.0,508.49,125.11,5,36.25
2021-06-14,2038.4,516.76,133.59,6,35.92
2021-06-15,2011.0,513.35,127.18,3,35.26
2021-06-16,2110.2,514.73,132.91,3,36.07
2021-06-17,2047.5,519.44,130.67,3,35.83
2021-06-18,1996.5,508.06,127.69,4,35.22
2021-06-19,2048.8,504.85,129.25,3,35.52
2021-06-20,2054.1,503.5,132.46,4,35.49
2021-06-21,2060.9,503.19,130.65,2,34.51
2021-06-22,2075.6,506.21,132.03,2,34.62
2021-06-23,2051.4,507.62,136.15,3,34.65
2021-06-24,2002.1,506.62,125.48,3,34.64
2021-06-25,2027.9,508.68,134.98,3,35.18
2021-06-26,2009.4,503.93,130.41,3,34.75
2021-06-27,2010.3,510.45,127.37,3,35.02
2021-06-28,2034.8,501.17,126.05,2,35.09
2021-06-29,2032.0,515.41,129.45,3,34.98
2021-06-30,2046.2,504.25,132.77,6,37.27
2021-07-01,2020.4,496.14,129.62,3,35.11
2021-07-02,1983.2,494.39,134.53,3,34.4
2021-07-03,1960.6,501.47,125.65,3,34.32
2021-07-04,1974.9,497.25,129.98,6,35.25
2021-07-05,1993.8,501.25,126.28,2,34.26
2021-07-06,2014.7,499.36,131.15,4,34.34
2021-07-07,1993.2,495.94,132.75,4,35.49
2021-07-08,2012.4,491.39,128.86,4,33.94
2021-07-09,1962.6,487.36,122.35,2,33.83
2021-07-10,2006.1,492.02,130.8,4,34.57
2021-07-11,2012.9,497.86,131.57,2,34.09
2021-07-12,2047.4,493.97,131.53,3,34.76
2021-07-13,1972.8,485.99,134.09,4,35.44
2021-07-14,2048.3,492.41,127.24,2,34.13
2021-07-15,1989.5,492.8,132.57,5,35.67
2021-07-16,1963.6,485.79,134.19,2,34.26
2021-07-17,1980.8,490.31,125.36,5,34.27
2021-07-18,2078.3,489.17,131.75,3,34.92
2021-07-19,2004.9,482.51,129.37,2,34.67
2021-07-20,2010.6,489.35,130.75,2,33.7
2021-07-21,2018.7,489.72,132.14,6,36.38
2021-07-22,1977.8,491.68,129.75,2,33.99
2021-07-23,2003.1,490.89,129.31,2,34.16
2021-07-24,1980.3,478.09,131.57,3,34.24
2021-07-25,2021.4,479.66,128.33,4,35.1
2021-07-26,1983.7,486.29,128.48,3,33.98
2021-07-27,1986.9,485.66,133.91,2,33.88
2021-07-28,1955.6,485.04,128.58,3,34.27
2021-07-29,2023.5,501.12,134.18,2,34.58
2021-07-30,2000.9,484.1,133.72,2,34.21
2021-07-31,1954.1,486.31,127.32,3,33.84
2021-08-01,1999.8,484.81,130.64,4,35.12
2021-08-02,2002.7,482.7,136.43,2,34.11
2021-08-03,2001.4,477.28,130.08,3,33.74
2021-08-04,2017.0,482.07,131.81,3,34.35
2021-08-05,1982.7,473.84,134.78,6,35.01
2021-08-06,1959.9,475.95,135.94,6,34.86
2021-08-07,1956.5,474.15,133.03,5,34.57
2021-08-08,2023.1,476.43,132.2,2,34.38
2021-08-09,2011.6,487.04,138.47,2,33.95
2021-08-10,2021.3,465.59,139.63,3,34.44
2021-08-11,2004.3,477.83,137.57,3,34.43
2021-08-12,1987.8,465.81,135.11,3,33.78
2021-08-13,1995.3,471.0,132.66,4,34.49
2021-08-14,1952.5,478.29,132.82,5,35.14
2021-08-15,1990.9,472.67,137.12,5,35.08
2021-08-16,1942.9,466.46,137.04,3,33.96
2021-08-17,1975.0,467.79,140.24,4,34.93
2021-08-18,2003.9,474.29,138.23,3,34.52
2021-08-19,1938.6,466.77,132.03,2,32.54
2021-08-20,2000.4,471.05,139.95,4,34.78
2021-08-21,1935.3,469.74,134.06,2,33.08
2021-08-22,1999.6,465.82,136.16,3,34.91
2021-08-23,1979.1,479.36,138.33,3,34.38
2021-08-24,1969.1,471.39,143.84,4,34.18
2021-08-25,1945.6,457.68,147.46,4,34.26
2021-08-26,1968.5,468.34,140.23,3,34.01
2021-08-27,1924.1,463.7,138.14,5,33.66
2021-08-28,1973.8,470.89,140.58,3,34.4
2021-08-29,2004.8,462.29,141.93,3,34.01
2021-08-30,1970.4,465.31,138.59,4,34.91
2021-08-31,1963.1,468.06,145.24,4,34.28
2021-09-01,1991.6,469.52,140.84,6,35.95
2021-09-02,1975.6,458.85,141.94,2,33.66
2021-09-03,2028.7,462.86,142.75,4,35.16
2021-09-04,1997.2,461.84,142.33,4,34.31
2021-09-05,1986.4,460.65,143.89,5,34.94
2021-09-06,2011.0,472.45,139.83,2,33.28
2021-09-07,1975.3,465.37,140.32,4,34.33
2021-09-08,1961.3,456.77,139.01,3,33.15
2021-09-09,2030.5,467.4,143.95,3,34.0
2021-09-10,1959.5,473.18,145.29,3,33.62
2021-09-11,2014.7,467.49,144.65,3,34.59
2021-09-12,1976.2,454.51,148.62,3,33.77
2021-09-13,1969.7,459.47,143.91,5,34.66
2021-09-14,1980.7,468.02,146.26,3,34.0
2021-09-15,1973.4,457.96,141.31,4,34.69
2021-09-16,1981.7,463.53,143.76,3,34.01
2021-09-17,1981.8,465.02,147.34,2,33.73
2021-09-18,1963.2,456.35,148.13,2,33.12
2021-09-19,1933.3,460.54,145.04,3,34.03
2021-09-20,1940.7,444.5,146.04,3,33.88
2021-09-21,1954.5,455.46,142.04,2,33.25
2021-09-22,1984.3,459.21,145.87,3,33.73
2021-09-23,2030.2,454.13,149.95,3,33.61
2021-09-24,1986.0,468.45,149.34,3,33.77
2021-09-25,1952.9,453.06,149.46,3,32.75
2021-09-26,1966.0,457.94,148.45,2,33.03
2021-09-27,1992.3,460.75,148.67,5,34.99
2021-09-28,2009.6,467.26,147.01,5,35.07
2021-09-29,2000.3,452.84,151.43,4,35.32
2021-09-30,2021.3,465.82,150.94,2,33.81
2021-10-01,2017.3,460.05,151.5,4,34.46
2021-10-02,1973.3,455.1,148.79,5,35.04
2021-10-03,2033.3,462.34,144.25,4,34.03
2021-10-04,1991.4,461.05,154.34,2,33.05
2021-10-05,1988.3,457.1,149.96,4,34.63
2021-10-06,2021.4,460.5,149.15,5,35.0
2021-10-07,2009.9,458.29,154.16,3,34.08
2021-10-08,1937.8,460.86,151.25,4,33.64
2021-10-09,2007.6,463.69,155.94,3,34.31
2021-10-10,2034.1,468.42,154.96,3,34.18
2021-10-11,1959.0,454.41,155.5,2,33.32
2021-10-12,2025.2,471.39,149.69,4,34.41
2021-10-13,2001.9,451.1,157.76,2,33.51
2021-10-14,2030.4,460.25,155.24,3,35.16
2021-10-15,1986.2,464.11,153.68,3,33.88
2021-10-16,2030.1,462.74,155.55,3,34.33
2021-10-17,1991.9,458.4,150.13,2,33.53
2021-10-18,2049.2,460.67,157.01,4,34.97
2021-10-19,2064.9,459.45,153.03,4,35.2
2021-10-20,2032.0,459.18,152.38,2,34.05
2021-10-21,2016.3,466.61,152.2,2,34.04
2021-10-22,2075.5,464.38,160.43,2,34.3
2021-10-23,2015.2,459.38,155.52,5,35.05
2021-10-24,2003.4,467.6,162.33,3,34.16
2021-10-25,2009.3,464.91,156.44,3,33.52
2021-10-26,2027.1,467.72,153.24,2,35.08
2021-10-27,2031.9,467.1,155.32,4,35.15
2021-10-28,1987.4,460.11,162.69,5,34.41
2021-10-29,1982.9,461.77,158.82,5,34.88
2021-10-30,2010.3,468.63,157.94,4,34.17
2021-10-31,2036.5,468.28,160.37,2,33.92
2021-11-01,2038.2,465.47,161.69,2,33.49
2021-11-02,2031.0,466.52,163.83,2,34.03
2021-11-03,2018.4,472.69,165.12,3,33.8
2021-11-04,2059.0,463.71,159.98,2,34.38
2021-11-05,1992.6,469.79,157.37,3,34.46
2021-11-06,2053.0,466.44,160.39,3,34.29
2021-11-07,2044.0,466.77,162.69,5,35.42
2021-11-08,2061.2,473.77,159.29,4,34.84
2021-11-09,2017.3,472.82,159.58,5,35.44
2021-11-10,2033.7,473.2,163.75,4,34.69
2021-11-11,2041.2,476.1,162.84,2,34.59
2021-11-12,2020.0,470.13,163.34,4,34.09
2021-11-13,2038.9,473.89,161.22,3,34.22
2021-11-14,2069.7,469.4,163.06,4,34.76
2021-11-15,1999.6,473.05,161.22,3,34.37
2021-11-16,2024.3,471.26,166.91,6,35.89
2021-11-17,2025.4,472.89,167.59,3,34.61
2021-11-18,2029.8,475.89,159.18,3,34.37
2021-11-19,2024.9,469.33,162.16,5,34.12
2021-11-20,2067.3,484.4,160.68,2,34.62
2021-11-21,2031.9,469.43,163.44,4,35.21
2021-11-22,2041.7,468.93,165.36,4,36.04
2021-11-23,2054.9,481.33,161.48,5,35.49
2021-11-24,2052.7,480.05,163.27,6,35.76
2021-11-25,2063.7,479.76,163.22,6,36.23
2021-11-26,2051.6,480.35,167.06,2,34.32
2021-11-27,2091.4,477.71,166.84,5,36.41
2021-11-28,2103.6,473.86,164.65,4,35.21
2021-11-29,2071.7,479.31,167.53,4,35.26
2021-11-30,2051.0,476.13,165.54,2,34.7
2021-12-01,2076.2,484.99,166.54,4,35.61
2021-12-02,2037.5,479.98,172.54,6,36.36
2021-12-03,2063.7,477.19,171.71,5,35.49
2021-12-04,2030.1,480.32,163.94,3,35.15
2021-12-05,2080.6,484.61,170.48,2,34.05
2021-12-06,2043.5,480.35,170.58,3,34.1
2021-12-07,2040.6,479.68,164.84,5,36.03
2021-12-08,2023.4,485.64,170.88,4,35.07
2021-12-09,2046.4,486.29,173.17,3,35.23
2021-12-10,2064.2,483.17,165.31,2,34.6
2021-12-11,2036.4,483.99,166.05,3,34.75
2021-12-12,2102.8,488.16,171.97,3,34.81
2021-12-13,2036.4,480.41,169.84,5,35.49
2021-12-14,2074.8,481.27,170.78,4,35.96
2021-12-15,2049.5,485.37,170.25,3,34.9
2021-12-16,2083.5,488.56,170.49,3,35.47
2021-12-17,2030.2,491.85,165.42,2,34.68
2021-12-18,2081.4,498.34,172.62,6,36.12
2021-12-19,2068.9,495.92,173.07,3,35.53
2021-12-20,2097.2,491.51,168.94,3,35.22
2021-12-21,2090.0,492.89,169.56,3,35.21
2021-12-22,2032.5,488.65,165.15,4,36.03
2021-12-23,2079.0,494.25,171.34,4,35.88
2021-12-24,2064.2,493.58,171.56,4,35.26
2021-12-25,2109.1,497.32,169.7,3,35.56
2021-12-26,2116.8,492.26,173.29,3,35.53
2021-12-27,2051.4,499.67,168.94,2,35.38
2021-12-28,2122.1,505.43,171.66,4,36.17
2021-12-29,2060.1,497.91,166.93,2,35.63
2021-12-30,2085.2,501.15,169.92,3,34.88
2021-12-31,2094.7,503.28,169.48,5,36.29
2022-01-01,2134.8,498.68,170.67,5,36.25
2022-01-02,2066.4,502.5,168.88,3,35.07
2022-01-03,2113.2,502.13,169.58,3,35.45
2022-01-04,2070.4,503.24,172.43,2,34.63
2022-01-05,2055.6,499.57,168.62,4,36.23
2022-01-06,2087.2,504.24,165.07,5,36.83
2022-01-07,2111.7,507.3,175.1,2,35.46
2022-01-08,2046.2,512.74,173.96,3,35.07
2022-01-09,2127.2,510.96,165.88,5,36.41
2022-01-10,2066.5,517.61,171.77,5,36.59
2022-01-11,2088.2,503.69,168.13,2,35.18
2022-01-12,2142.8,512.56,170.37,3,35.97
2022-01-13,2160.7,509.79,170.38,2,35.95
2022-01-14,2109.1,520.49,168.72,2,35.84
2022-01-15,2057.4,506.17,166.99,5,35.99
2022-01-16,2126.6,506.67,167.18,5,36.3
2022-01-17,2117.2,508.53,166.4,4,35.64
2022-01-18,2073.2,501.57,166.55,2,35.01
2022-01-19,2087.4,510.21,168.74,5,37.22
2022-01-20,2080.0,509.7,166.68,3,35.04
2022-01-21,2105.2,514.89,170.76,3,36.2
2022-01-22,2128.7,516.49,173.05,3,35.71
2022-01-23,2106.5,524.8,166.71,2,35.33
2022-01-24,2108.3,520.8,169.04,4,36.64
2022-01-25,2126.1,513.79,169.68,3,35.81
2022-01-26,2071.0,512.81,169.45,2,35.16
2022-01-27,2107.4,520.38,168.11,2,35.56
2022-01-28,2065.9,511.93,169.95,2,34.74
2022-01-29,2133.2,528.29,169.01,2,36.15
2022-01-30,2067.3,525.64,163.68,3,35.6
2022-01-31,2138.9,517.99,169.83,5,36.33
2022-02-01,2075.1,512.36,169.71,2,34.73
2022-02-02,2077.2,528.28,164.57,2,34.1
2022-02-03,2106.8,521.51,166.79,3,35.9
2022-02-04,2173.1,528.84,168.53,5,37.84
2022-02-05,2122.0,515.25,165.66,3,35.49
2022-02-06,2071.7,520.78,169.3,3,35.82
2022-02-07,2098.9,524.35,172.97,3,36.03
2022-02-08,2104.4,525.1,163.31,3,35.61
2022-02-09,2163.3,523.15,161.31,2,36.57
2022-02-10,2102.4,529.04,166.14,4,36.25
2022-02-11,2092.7,521.11,167.17,4,36.96
2022-02-12,2155.7,526.25,164.08,3,35.69
2022-02-13,2134.8,528.07,168.9,4,36.49
2022-02-14,2142.7,530.54,160.29,4,36.64
2022-02-15,2112.1,532.01,166.14,2,35.66
2022-02-16,2106.4,523.31,161.99,3,36.19
2022-02-17,2152.9,521.73,168.72,2,37.21
2022-02-18,2139.3,536.25,169.28,2,36.14
2022-02-19,2147.5,531.98,160.75,4,36.77
2022-02-20,2122.5,527.02,161.14,5,36.45
2022-02-21,2112.6,538.95,165.1,6,36.63
2022-02-22,2120.1,532.2,161.09,4,37.01
2022-02-23,2155.1,537.94,161.84,2,35.89
2022-02-24,2139.5,532.78,161.77,2,36.95
2022-02-25,2125.0,543.15,155.66,5,37.49
2022-02-26,2087.9,542.01,161.09,3,36.17
2022-02-27,2071.2,532.37,158.77,4,36.31
2022-02-28,2086.8,538.84,159.07,4,36.54
2022-03-01,2122.8,537.56,164.59,4,36.37
2022-03-02,2115.2,541.53,156.19,5,36.34
2022-03-03,2082.6,530.2,162.1,2,35.19
2022-03-04,2150.8,538.78,158.52,4,36.88
2022-03-05,2096.3,540.96,158.22,5,36.63
2022-03-06,2078.7,527.18,161.12,3,35.22
2022-03-07,2116.6,530.35,159.46,4,36.19
2022-03-08,2133.6,526.36,159.83,3,36.58
2022-03-09,2176.0,535.48,160.71,6,38.14
2022-03-10,2138.6,540.68,156.5,2,36.09
2022-03-11,2167.4,544.85,155.33,3,36.95
2022-03-12,2083.8,537.95,153.59,2,35.09
2022-03-13,2181.0,545.96,154.05,4,36.92
2022-03-14,2080.2,531.13,165.04,2,35.53
2022-03-15,2101.2,529.72,159.6,2,35.15
2022-03-16,2124.2,538.16,151.49,3,36.31
2022-03-17,2073.2,540.54,151.24,5,36.19
2022-03-18,2097.4,538.63,156.32,2,35.0
2022-03-19,2078.1,528.62,156.18,2,35.65
2022-03-20,2111.9,538.66,155.85,4,36.99
2022-03-21,2140.8,532.72,153.1,3,36.07
2022-03-22,2120.8,542.72,153.15,5,36.5
2022-03-23,2108.8,541.32,154.17,2,34.91
2022-03-24,2036.4,534.89,153.11,4,36.65
2022-03-25,2109.0,537.11,145.85,2,35.77
2022-03-26,2124.4,534.47,151.48,2,35.57
2022-03-27,2065.3,539.52,149.27,4,36.07
2022-03-28,2119.3,544.67,152.01,3,35.56
2022-03-29,2127.5,535.01,160.09,4,36.89
2022-03-30,2141.6,542.49,151.9,3,37.27
2022-03-31,2086.9,537.34,149.51,3,35.64
2022-04-01,2087.9,536.04,152.87,3,36.9
2022-04-02,2100.2,539.46,151.21,6,37.25
2022-04-03,2135.7,534.81,150.68,3,36.97
2022-04-04,2133.7,537.19,150.9,3,36.45
2022-04-05,2110.2,533.93,154.9,3,36.21
2022-04-06,2140.0,549.69,145.0,3,37.3
2022-04-07,2049.7,539.99,149.47,3,36.01
2022-04-08,2114.0,536.24,144.93,5,37.11
2022-04-09,2081.2,540.72,149.03,3,35.18
2022-04-10,2141.2,538.99,144.27,5,36.61
2022-04-11,2071.8,538.34,145.43,2,35.63
2022-04-12,2083.2,542.4,145.46,4,36.99
2022-04-13,2126.4,542.98,148.93,5,37.21
2022-04-14,2117.9,536.4,148.42,2,35.55
2022-04-15,2076.1,536.02,141.6,6,36.31
2022-04-16,2105.6,537.35,145.17,3,35.79
2022-04-17,2088.0,527.04,142.54,5,36.66
2022-04-18,2087.1,530.79,140.56,4,35.92
2022-04-19,2094.1,545.0,143.36,3,35.74
2022-04-20,2117.4,546.18,142.76,2,35.91
2022-04-21,2141.2,536.48,150.64,3,36.96
2022-04-22,2068.6,540.38,144.33,2,35.73
2022-04-23,2064.4,538.8,138.58,2,35.51
2022-04-24,2110.7,552.39,140.7,2,36.05
2022-04-25,2077.4,542.32,145.14,3,36.17
2022-04-26,2054.7,535.81,148.02,4,36.03
2022-04-27,2097.8,531.38,136.69,2,35.39
2022-04-28,2007.0,527.83,135.5,2,35.07
2022-04-29,2087.7,536.57,146.44,4,36.26
2022-04-30,2099.5,531.45,141.69,2,35.09
2022-05-01,2073.6,527.78,137.62,2,35.88
2022-05-02,2070.4,531.32,141.53,2,34.58
2022-05-03,2029.2,528.8,131.72,5,36.77
2022-05-04,2100.7,542.28,139.35,5,37.14
2022-05-05,2062.2,537.88,140.03,3,35.38
2022-05-06,2089.3,533.05,141.53,4,36.32
2022-05-07,2084.5,540.1,135.44,3,35.81
2022-05-08,2079.7,532.68,138.46,4,36.55
2022-05-09,2045.7,527.58,135.15,4,36.19
2022-05-10,2136.3,539.08,138.42,4,36.96
2022-05-11,2078.9,533.73,134.7,3,36.14
2022-05-12,2052.9,525.41,135.89,2,35.06
2022-05-13,2068.1,529.2,133.87,3,36.39
2022-05-14,2045.7,525.31,138.55,5,36.73
2022-05-15,2051.7,522.31,138.92,3,35.26
2022-05-16,2130.7,533.38,135.39,5,37.37
2022-05-17,2059.5,537.82,135.96,6,37.23
2022-05-18,2041.8,520.79,131.26,2,34.84
2022-05-19,2052.7,530.09,134.47,4,35.84
2022-05-20,2029.3,523.52,134.99,4,36.17
2022-05-21,2081.8,523.82,142.77,6,36.91
2022-05-22,2047.8,522.77,131.35,6,36.73
2022-05-23,2081.8,520.88,138.86,4,36.63
2022-05-24,2082.1,524.91,137.25,2,36.34
2022-05-25,2072.2,519.96,134.89,4,35.77
2022-05-26,2042.7,524.92,139.12,2,34.93
2022-05-27,2069.7,522.76,134.76,4,36.03
2022-05-28,2067.7,521.25,134.61,5,36.4
2022-05-29,2016.7,517.33,133.09,3,35.24
2022-05-30,2043.1,518.41,136.74,4,35.52
2022-05-31,2022.7,524.48,136.18,3,34.74
2022-06-01,2062.3,522.62,130.83,3,36.24
2022-06-02,2045.7,514.63,128.58,3,35.53
2022-06-03,2078.4,519.41,131.77,4,35.85
2022-06-04,2037.0,522.06,129.82,5,36.3
2022-06-05,2039.0,509.34,131.87,5,36.69
2022-06-06,2075.6,519.78,135.62,2,34.89
2022-06-07,2011.6,513.13,130.4,5,35.87
2022-06-08,2018.4,518.67,131.5,4,34.97
2022-06-09,2012.3,511.36,131.67,3,34.92
2022-06-10,2017.4,505.51,133.91,2,34.77
2022-06-11,1985.9,505.76,124.51,3,34.23
2022-06-12,2011.9,513.49,129.31,5,35.72
2022-06-13,2056.2,513.9,131.65,4,36.08
2022-06-14,2027.7,507.42,134.51,4,35.67
2022-06-15,2038.1,514.48,129.34,3,34.76
2022-06-16,1989.9,502.31,125.09,4,35.2
2022-06-17,2014.0,509.63,132.49,2,34.78
2022-06-18,2019.3,503.23,128.64,3,34.95
2022-06-19,2015.0,505.36,126.9,4,35.74
2022-06-20,2038.8,508.18,128.53,2,34.5
2022-06-21,2046.6,502.97,129.78,5,36.08
2022-06-22,1996.6,504.67,128.46,2,33.88
2022-06-23,2035.2,510.94,123.6,4,34.91
2022-06-24,1992.3,502.35,132.86,3,34.99
2022-06-25,2082.8,508.73,133.95,3,35.5
2022-06-26,1991.8,498.22,132.05,2,34.02
2022-06-27,2029.3,505.83,126.65,2,34.2
2022-06-28,1996.2,509.7,129.43,5,35.95
2022-06-29,1990.4,489.45,130.0,3,33.86
2022-06-30,2048.0,497.13,131.8,5,36.24
2022-07-01,1998.5,503.32,132.01,6,36.12
2022-07-02,2058.8,498.73,127.8,2,34.17
2022-07-03,2011.7,500.91,130.25,3,34.86
2022-07-04,2030.2,495.35,131.39,4,36.33
2022-07-05,2026.0,498.11,134.4,6,36.56
2022-07-06,2020.1,496.21,132.17,5,35.27
2022-07-07,1982.5,502.15,132.45,3,34.88
2022-07-08,1994.3,496.89,130.37,4,34.44
2022-07-09,2043.6,496.63,134.39,2,34.05
2022-07-10,1992.6,492.2,131.44,6,35.7
2022-07-11,1995.5,491.14,127.68,6,35.95
2022-07-12,1966.5,490.74,134.53,2,34.22
2022-07-13,1992.8,494.2,132.48,3,34.89
2022-07-14,2020.5,489.44,129.12,2,34.5
2022-07-15,1964.6,492.33,129.09,3,33.66
2022-07-16,2031.8,500.59,131.5,5,35.74
2022-07-17,2009.5,493.9,132.09,3,35.07
2022-07-18,1987.7,487.25,131.38,2,34.19
2022-07-19,1998.0,494.23,131.82,3,34.67
2022-07-20,1988.2,485.53,136.09,6,35.72
2022-07-21,1973.7,476.72,134.32,4,34.67
2022-07-22,2008.7,481.22,131.79,3,33.7
2022-07-23,1971.9,476.27,134.16,2,34.18
2022-07-24,2026.8,483.22,128.37,6,35.82
2022-07-25,1999.7,484.44,132.79,5,35.55
2022-07-26,1998.1,492.1,137.16,3,33.64
2022-07-27,2013.9,484.72,131.22,2,34.85
2022-07-28,1996.6,481.37,129.48,2,33.53
2022-07-29,1948.1,486.0,130.22,2,34.69
2022-07-30,1937.6,470.19,129.07,3,34.6
2022-07-31,1980.1,481.81,130.15,5,34.54
2022-08-01,1949.4,483.89,131.56,3,34.38
2022-08-02,2017.6,472.05,128.63,5,34.81
2022-08-03,2013.6,484.58,133.07,3,34.32
2022-08-04,1991.4,479.97,135.91,4,34.48
2022-08-05,1966.2,475.62,130.67,4,34.64
2022-08-06,1981.8,480.3,138.15,2,33.99
2022-08-07,1953.4,487.93,135.32,3,33.67
2022-08-08,1946.2,476.93,137.09,4,34.5
2022-08-09,2027.1,476.71,132.23,2,34.09
2022-08-10,2022.2,472.63,136.98,3,33.74
2022-08-11,1953.5,470.15,131.36,3,33.71
2022-08-12,2014.8,478.03,137.53,6,36.35
2022-08-13,1987.5,469.08,135.6,3,33.98
2022-08-14,1999.4,473.21,136.97,5,34.36
2022-08-15,1933.4,469.96,132.02,3,34.04
2022-08-16,1932.4,474.25,133.1,4,33.8
2022-08-17,2014.8,473.04,137.83,3,34.5
2022-08-18,1931.5,476.08,133.44,5,34.52
2022-08-19,1974.0,467.87,137.92,3,34.71
2022-08-20,1959.1,468.62,132.69,4,34.23
2022-08-21,1964.6,464.62,139.6,4,33.83
2022-08-22,1975.4,466.85,133.62,3,33.82
2022-08-23,1967.3,470.53,139.24,2,33.11
2022-08-24,1997.4,472.01,139.73,2,33.78
2022-08-25,1970.4,463.2,136.04,2,34.22
2022-08-26,2040.4,471.75,140.15,5,35.9
2022-08-27,1955.0,473.79,139.47,2,34.36
2022-08-28,1978.5,468.69,137.36,2,33.85
2022-08-29,1996.7,475.63,136.24,4,34.77
2022-08-30,1954.0,462.02,133.67,3,33.36
2022-08-31,1937.3,459.31,140.9,3,33.7
2022-09-01,1986.8,456.29,135.45,2,33.49
2022-09-02,1998.4,472.33,140.74,6,35.78
2022-09-03,1950.0,467.8,139.96,5,34.17
2022-09-04,1993.1,463.94,143.1,5,34.92
2022-09-05,2021.4,465.32,140.46,3,33.72
2022-09-06,1967.5,458.0,140.69,4,34.34
2022-09-07,2001.7,475.57,144.19,2,34.22
2022-09-08,2021.4,463.72,143.32,2,33.28
2022-09-09,1957.9,463.36,143.58,2,32.88
2022-09-10,2031.2,466.2,144.36,3,33.92
2022-09-11,1998.8,464.73,138.67,3,34.09
2022-09-12,1963.5,463.22,145.87,3,33.3
2022-09-13,1961.7,457.94,145.76,2,33.91
2022-09-14,1965.4,464.04,141.2,3,34.06
2022-09-15,1948.2,470.9,143.85,4,34.49
2022-09-16,1998.2,468.04,144.8,3,33.57
2022-09-17,1971.4,469.11,144.85,4,34.93
2022-09-18,1988.2,458.43,146.59,2,33.84
2022-09-19,1952.0,455.89,150.22,5,34.18
2022-09-20,2012.2,460.08,149.5,3,33.58
2022-09-21,1995.1,460.86,142.66,2,33.64
2022-09-22,1978.9,465.94,148.8,2,33.43
2022-09-23,1989.4,451.91,151.26,4,34.12
2022-09-24,2001.5,467.93,148.78,5,34.75
2022-09-25,2028.7,459.42,151.23,3,34.61
2022-09-26,1969.9,458.01,154.34,3,32.79
2022-09-27,1982.2,455.03,151.72,5,35.25
2022-09-28,1961.1,451.78,149.74,4,34.46
2022-09-29,2002.3,464.14,152.47,3,34.26
2022-09-30,2004.1,460.37,150.11,3,34.08
2022-10-01,1964.2,453.55,150.09,2,33.75
2022-10-02,1969.8,453.53,149.31,4,34.14
2022-10-03,2022.5,458.35,155.4,3,34.14
2022-10-04,2033.7,468.4,148.6,6,36.15
2022-10-05,2012.5,458.8,155.99,3,35.02
2022-10-06,1982.0,452.64,153.24,3,33.46
2022-10-07,1978.4,458.99,147.88,3,34.08
2022-10-08,2009.2,458.93,153.53,5,34.52
2022-10-09,1969.0,446.9,146.46,5,34.66
2022-10-10,1959.1,460.21,154.98,3,33.46
2022-10-11,2015.7,459.44,156.1,4,35.1
2022-10-12,1978.8,464.2,152.01,3,33.95
2022-10-13,1978.7,470.1,154.49,3,34.1
2022-10-14,1978.9,466.64,160.32,2,34.28
2022-10-15,1990.9,459.82,153.27,3,33.73
2022-10-16,1962.2,455.8,151.95,2,33.61
2022-10-17,1973.2,474.38,159.9,5,34.65
2022-10-18,2007.4,462.01,161.67,3,34.67
2022-10-19,1993.0,461.99,156.13,6,35.99
2022-10-20,2008.2,462.01,159.48,3,34.09
2022-10-21,2000.9,463.35,160.79,4,33.68
2022-10-22,2048.3,461.88,154.86,3,34.24
2022-10-23,2014.8,459.98,155.95,2,34.79
2022-10-24,2000.9,460.37,161.42,3,33.88
2022-10-25,2019.4,463.21,163.1,2,34.61
2022-10-26,2046.9,460.94,160.05,4,34.65
2022-10-27,2026.6,460.39,156.03,3,34.07
2022-10-28,1992.2,464.79,164.94,4,34.82
2022-10-29,1986.0,463.3,157.69,2,33.9
2022-10-30,2006.2,472.42,158.58,2,34.28
2022-10-31,1988.8,451.98,160.92,3,33.89
2022-11-01,2021.4,471.03,164.85,5,35.65
2022-11-02,2035.2,472.16,163.04,4,35.35
2022-11-03,2026.3,455.93,162.02,3,34.71
2022-11-04,2044.9,464.96,162.45,3,34.28
2022-11-05,2012.6,465.2,161.48,2,34.29
2022-11-06,1976.4,460.42,163.3,6,34.91
2022-11-07,1978.6,463.97,154.32,4,34.33
2022-11-08,2003.7,462.72,161.29,3,34.1
2022-11-09,2011.4,477.46,163.17,3,34.05
2022-11-10,2057.8,473.81,159.26,2,33.68
2022-11-11,2012.7,475.93,164.14,6,36.13
2022-11-12,2051.1,473.63,162.63,2,34.03
2022-11-13,1992.7,464.84,168.76,4,34.41
2022-11-14,2055.9,468.33,168.47,2,33.98
2022-11-15,2032.5,473.88,162.6,4,34.87
2022-11-16,2064.1,465.8,163.79,4,34.9
2022-11-17,2014.2,475.97,164.26,4,35.36
2022-11-18,2020.2,471.71,163.36,4,34.6
2022-11-19,2029.1,471.55,165.53,5,35.99
2022-11-20,2038.2,477.49,162.9,2,34.72
2022-11-21,2030.4,476.69,162.0,3,34.4
2022-11-22,2036.6,473.19,167.48,2,34.32
2022-11-23,2048.9,481.34,167.71,6,36.22
2022-11-24,1981.5,470.68,163.62,3,34.45
2022-11-25,2082.3,479.72,168.92,4,35.83
2022-11-26,2120.9,480.17,164.54,4,35.84
2022-11-27,2056.6,476.22,167.39,2,34.01
2022-11-28,2030.1,479.98,169.28,2,34.5
2022-11-29,2016.9,472.67,166.9,3,34.33
2022-11-30,2078.6,484.14,168.54,3,33.98
2022-12-01,2060.0,479.19,165.8,2,34.62
2022-12-02,2043.9,478.1,166.93,2,34.03
2022-12-03,2082.8,486.56,167.07,5,35.78
2022-12-04,1997.2,478.41,165.6,6,35.56
2022-12-05,2067.0,475.5,167.46,3,34.25
2022-12-06,2046.0,475.38,163.5,3,34.75
2022-12-07,2039.0,486.82,166.81,2,34.29
2022-12-08,2016.3,478.02,167.57,4,34.55
2022-12-09,2079.4,493.83,167.78,5,36.06
2022-12-10,2084.0,475.29,167.95,2,33.93
2022-12-11,2073.8,494.83,168.61,2,34.84
2022-12-12,2051.5,488.05,170.35,4,35.52
2022-12-13,2078.8,487.16,171.65,4,35.66
2022-12-14,2108.2,485.58,167.18,2,35.27
2022-12-15,2078.4,490.96,165.61,4,36.06
2022-12-16,2080.0,489.44,166.19,3,35.15
2022-12-17,2110.2,495.81,167.94,3,35.96
2022-12-18,2086.0,491.53,168.43,4,35.63
2022-12-19,2053.5,492.38,167.25,5,35.53
2022-12-20,2023.6,490.49,165.74,3,34.59
2022-12-21,2052.6,492.7,168.32,5,35.92
2022-12-22,2055.8,495.2,170.29,3,35.51
2022-12-23,2088.3,485.79,171.58,4,35.59
2022-12-24,2088.7,488.28,168.17,3,34.96
2022-12-25,2090.8,499.42,168.65,5,36.8
2022-12-26,2048.4,497.25,167.14,5,35.27
2022-12-27,2128.6,496.16,169.85,2,35.0
2022-12-28,2071.2,497.86,167.42,5,36.39
2022-12-29,2108.8,500.19,171.7,5,37.08
2022-12-30,2075.2,496.44,164.64,4,35.84
2022-12-31,2087.0,495.94,168.92,2,35.03
2023-01-01,2108.5,501.67,170.9,5,36.28
2023-01-02,2068.4,496.48,170.54,5,36.21
2023-01-03,2144.9,504.1,178.05,3,35.97
2023-01-04,2043.9,494.24,171.0,6,35.86
2023-01-05,2070.7,508.58,166.91,2,34.87
2023-01-06,2131.3,506.48,169.61,2,35.1
2023-01-07,2102.9,506.09,164.53,3,35.62
2023-01-08,2168.2,510.4,169.57,3,36.27
2023-01-09,2108.0,514.5,167.26,4,36.83
2023-01-10,2155.3,511.92,172.45,2,35.48
2023-01-11,2037.0,498.32,167.99,6,36.1
2023-01-12,2055.8,501.8,169.23,2,35.28
2023-01-13,2116.2,505.75,167.6,2,36.04
2023-01-14,2070.3,509.67,174.64,2,35.2
2023-01-15,2101.0,512.8,168.37,3,35.6
2023-01-16,2139.5,507.24,174.74,5,36.54
2023-01-17,2124.4,512.47,171.59,4,35.55
2023-01-18,2103.9,508.41,170.5,5,36.09
2023-01-19,2093.5,509.78,170.05,2,35.24
2023-01-20,2104.8,506.46,170.01,3,35.56
2023-01-21,2104.6,509.52,162.93,3,35.93
2023-01-22,2081.0,508.02,167.75,3,35.39
2023-01-23,2117.1,510.54,170.99,2,35.1
2023-01-24,2145.3,521.32,168.17,4,36.72
2023-01-25,2090.3,511.93,163.96,3,36.6
2023-01-26,2133.1,530.46,167.88,4,36.5
2023-01-27,2138.7,520.38,172.99,3,36.17
2023-01-28,2135.9,519.45,171.47,2,36.02
2023-01-29,2129.0,514.85,167.38,4,36.13
2023-01-30,2100.0,523.24,170.25,2,35.96
2023-01-31,2095.2,517.46,166.12,5,35.89
2023-02-01,2093.9,521.53,161.93,4,36.01
2023-02-02,2107.0,534.31,164.09,2,35.55
2023-02-03,2080.2,521.6,171.36,6,36.93
2023-02-04,2042.6,528.4,165.66,3,34.68
2023-02-05,2140.6,519.7,165.56,2,36.26
2023-02-06,2076.9,523.6,165.18,4,36.24
2023-02-07,2182.1,533.18,171.59,3,37.1
2023-02-08,2142.2,521.73,170.54,5,37.61
2023-02-09,2135.8,534.46,172.11,5,36.81
2023-02-10,2139.1,529.47,164.75,6,36.46
2023-02-11,2127.9,523.64,165.89,3,36.54
2023-02-12,2088.1,530.12,160.22,3,35.74
2023-02-13,2136.1,532.33,168.97,4,36.22
2023-02-14,2093.7,531.07,160.8,2,35.75
2023-02-15,2126.7,520.6,164.71,3,37.01
2023-02-16,2091.1,525.29,160.52,3,35.76
2023-02-17,2113.4,528.16,161.79,2,36.01
2023-02-18,2112.3,529.49,160.79,3,35.65
2023-02-19,2125.6,533.42,161.22,5,36.33
2023-02-20,2161.4,531.65,161.17,5,37.63
2023-02-21,2102.5,524.52,160.87,2,35.71
2023-02-22,2160.2,533.52,164.75,2,35.9
2023-02-23,2132.0,535.09,158.66,3,36.96
2023-02-24,2163.0,535.25,162.36,5,36.63
2023-02-25,2129.1,538.25,165.07,2,35.41
2023-02-26,2142.7,537.4,159.59,4,36.59
2023-02-27,2119.8,535.91,158.69,2,35.65
2023-02-28,2045.4,533.63,159.86,4,36.55
2023-03-01,2089.4,526.03,163.8,3,35.83
2023-03-02,2140.9,536.83,160.55,4,36.7
2023-03-03,2133.1,536.06,158.07,2,35.4
2023-03-04,2094.3,536.71,160.81,4,36.84
2023-03-05,2110.9,529.28,155.75,2,35.17
2023-03-06,2130.0,530.57,160.79,4,36.09
2023-03-07,2130.8,541.53,159.66,5,37.01
2023-03-08,2137.2,536.35,157.2,2,36.01
2023-03-09,2135.7,540.23,155.29,5,36.9
2023-03-10,2114.6,537.23,154.83,3,36.46
2023-03-11,2111.0,537.49,158.77,2,35.64
2023-03-12,2160.5,542.27,160.53,3,37.04
2023-03-13,2123.6,535.23,154.61,2,36.02
2023-03-14,2088.4,538.51,157.57,4,37.1
2023-03-15,2108.6,535.93,149.61,4,36.33
2023-03-16,2083.2,536.26,153.79,2,35.85
2023-03-17,2091.7,537.07,155.11,3,35.28
2023-03-18,2097.8,539.9,152.15,5,38.04
2023-03-19,2109.4,536.56,151.73,5,37.24
2023-03-20,2131.8,545.38,152.2,3,36.32
2023-03-21,2101.4,534.77,154.74,6,37.13
2023-03-22,2104.5,538.44,152.97,3,36.01
2023-03-23,2086.3,537.29,146.48,3,36.69
2023-03-24,2139.4,546.83,146.49,5,37.68
2023-03-25,2041.1,540.67,150.69,3,35.46
2023-03-26,2116.7,544.92,153.54,3,35.81
2023-03-27,2124.4,532.41,143.58,3,36.66
2023-03-28,2124.7,541.23,149.98,5,37.45
2023-03-29,2147.4,544.38,149.56,5,37.63
2023-03-30,2069.6,540.38,154.96,3,35.83
2023-03-31,2085.5,545.32,149.3,3,35.94
2023-04-01,2121.5,537.41,151.26,3,36.91
2023-04-02,2159.7,547.04,150.19,3,37.39
2023-04-03,2084.7,551.48,143.03,2,36.01
2023-04-04,2100.3,538.14,151.38,4,36.86
2023-04-05,2115.3,537.69,149.38,3,36.28
2023-04-06,2084.2,547.14,149.91,3,35.53
2023-04-07,2154.3,547.71,159.83,2,35.86
2023-04-08,2021.7,537.12,141.45,2,35.49
2023-04-09,2123.7,537.55,152.54,5,37.56
2023-04-10,2074.7,538.15,146.16,3,36.29
2023-04-11,2083.0,532.72,147.54,2,35.59
2023-04-12,2110.8,534.73,146.21,3,36.54
2023-04-13,2101.9,534.17,144.73,3,36.0
2023-04-14,2090.5,535.21,143.96,2,35.8
2023-04-15,2125.0,538.72,146.32,3,36.2
2023-04-16,2048.2,539.9,140.45,3,35.26
2023-04-17,2118.4,546.3,146.92,3,36.69
2023-04-18,2066.5,533.37,143.09,3,36.24
2023-04-19,2118.8,543.08,140.62,3,37.29
2023-04-20,2107.2,536.88,142.33,6,37.42
2023-04-21,2118.6,537.48,147.13,3,35.79
2023-04-22,2135.3,540.87,141.43,3,36.26
2023-04-23,2113.2,531.63,143.79,2,35.63
2023-04-24,2084.8,538.9,140.2,3,36.02
2023-04-25,2095.0,537.56,144.35,4,36.61
2023-04-26,2111.0,538.91,143.82,2,35.92
2023-04-27,2103.8,537.6,146.99,4,36.81
2023-04-28,2121.1,548.13,140.61,2,36.07
2023-04-29,2028.5,532.36,142.84,3,34.52
2023-04-30,2127.5,532.57,140.82,4,36.7
2023-05-01,2087.4,531.78,144.11,3,35.91
2023-05-02,2032.6,531.78,137.77,3,35.66
2023-05-03,2057.4,531.02,141.86,2,35.08
2023-05-04,2034.0,539.79,138.75,4,36.06
2023-05-05,2061.3,540.57,138.86,2,35.62
2023-05-06,2069.9,530.23,139.04,5,36.45
2023-05-07,2109.1,528.53,139.24,2,35.87
2023-05-08,2087.9,534.65,137.85,5,36.75
2023-05-09,2076.6,529.12,138.57,3,35.81
2023-05-10,2058.3,534.63,142.39,4,34.92
2023-05-11,2058.1,532.05,140.34,3,35.19
2023-05-12,2045.3,523.02,139.72,5,35.75
2023-05-13,2060.2,537.89,135.49,2,35.44
2023-05-14,2067.1,538.67,133.93,2,35.93
2023-05-15,2060.8,526.16,139.21,3,35.53
2023-05-16,2059.2,526.81,138.72,2,35.52
2023-05-17,2058.3,529.7,140.27,2,35.47
2023-05-18,2065.1,529.45,133.8,5,36.52
2023-05-19,2057.4,530.57,134.68,6,37.05
2023-05-20,2025.8,536.82,130.22,3,35.56
2023-05-21,2056.4,525.37,133.73,5,36.27
2023-05-22,2055.0,521.74,137.68,3,35.62
2023-05-23,2004.1,518.31,133.07,3,35.59
2023-05-24,2039.1,521.01,136.18,4,35.92
2023-05-25,2067.8,523.95,133.47,4,36.09
2023-05-26,2040.0,532.54,134.81,6,36.36
2023-05-27,2010.0,520.42,130.2,3,35.65
2023-05-28,2044.6,523.56,133.7,4,35.25
2023-05-29,2046.8,521.79,124.28,2,34.32
2023-05-30,2101.1,527.23,132.51,2,35.67
2023-05-31,2072.5,533.34,128.0,2,35.03
2023-06-01,2076.0,517.46,136.33,6,37.21
2023-06-02,2054.0,517.07,134.87,5,35.51
2023-06-03,2036.6,524.13,133.78,4,36.14
2023-06-04,2072.4,521.71,136.78,3,35.93
2023-06-05,2046.7,526.92,129.21,3,35.52
2023-06-06,2063.7,519.99,137.15,2,34.27
2023-06-07,2017.4,514.65,134.56,3,34.37
2023-06-08,2051.6,518.77,130.92,3,35.49
2023-06-09,2047.9,520.72,134.9,4,35.7
2023-06-10,2039.8,518.64,128.05,3,35.59
2023-06-11,2030.1,516.43,128.77,2,34.76
2023-06-12,2029.5,518.58,129.3,2,34.75
2023-06-13,2048.6,518.44,129.43,2,34.0
2023-06-14,2023.6,518.85,127.74,3,35.5
2023-06-15,2001.0,514.53,134.48,5,35.47
2023-06-16,1977.7,509.79,129.94,4,34.91
2023-06-17,2034.0,510.69,131.69,5,35.5
2023-06-18,2019.5,515.32,128.84,3,34.47
2023-06-19,1963.6,504.53,125.01,3,35.07
2023-06-20,2029.8,509.79,131.21,2,35.0
2023-06-21,2004.8,505.3,124.6,5,35.94
2023-06-22,2007.7,506.74,130.07,4,35.18
2023-06-23,2026.9,512.31,126.11,2,34.0
2023-06-24,2064.4,506.19,136.13,3,36.15
2023-06-25,2055.0,504.78,132.86,3,35.38
2023-06-26,2010.0,497.07,130.41,4,35.19
2023-06-27,2026.0,506.91,133.85,5,35.67
2023-06-28,2017.5,505.72,127.5,3,34.11
2023-06-29,2040.0,512.62,131.65,3,35.67
2023-06-30,2003.9,499.58,130.61,2,33.9
2023-07-01,2018.2,501.53,130.79,2,34.69
2023-07-02,1979.8,500.99,133.82,2,34.46
2023-07-03,2026.9,506.94,132.2,2,34.75
2023-07-04,2020.5,497.89,130.88,4,35.42
2023-07-05,1986.5,499.07,125.07,4,35.52
2023-07-06,2002.0,500.03,127.18,2,34.0
2023-07-07,1977.5,497.24,129.72,5,35.34
2023-07-08,1969.6,493.39,130.4,2,33.87
2023-07-09,2002.7,495.91,126.77,3,33.92
2023-07-10,2006.1,499.63,137.44,2,34.46
2023-07-11,1957.9,488.44,134.81,3,34.69
2023-07-12,1976.8,493.56,132.12,3,34.97
2023-07-13,1970.1,488.72,130.6,3,35.03
2023-07-14,2025.3,497.52,129.81,3,34.16
2023-07-15,1984.7,483.26,127.67,6,36.18
2023-07-16,1971.0,487.41,130.84,2,33.95
2023-07-17,1985.4,491.43,131.47,2,34.69
2023-07-18,2032.0,496.71,127.06,2,34.35
2023-07-19,2019.0,487.89,131.89,4,34.86
2023-07-20,1960.3,484.79,130.53,2,33.27
2023-07-21,2024.3,496.32,125.38,5,35.95
2023-07-22,1973.8,479.03,128.63,3,34.38
2023-07-23,1992.1,474.63,130.1,3,33.81
2023-07-24,2000.9,487.18,137.13,3,33.65
2023-07-25,2018.9,481.84,133.26,2,34.35
2023-07-26,1944.4,478.61,127.73,2,33.75
2023-07-27,1990.2,486.63,133.33,3,34.03
2023-07-28,2010.7,483.69,127.38,3,34.07
2023-07-29,1929.6,479.03,135.43,2,33.68
2023-07-30,1973.0,474.84,130.92,2,34.45
2023-07-31,1982.1,485.0,132.22,6,35.33
2023-08-01,2015.3,483.29,136.65,2,33.82
2023-08-02,2003.1,478.95,128.98,5,35.33
2023-08-03,2008.1,488.09,128.83,4,35.24
2023-08-04,1978.3,472.93,131.46,3,33.97
2023-08-05,1979.1,470.07,136.51,2,34.49
2023-08-06,1960.0,473.67,129.03,2,33.95
2023-08-07,1970.4,476.34,125.29,4,34.36
2023-08-08,2017.6,477.23,132.64,4,34.26
2023-08-09,1962.3,474.26,135.86,4,34.94
2023-08-10,1981.0,476.69,138.02,5,35.48
2023-08-11,1966.8,468.14,133.24,4,34.24
2023-08-12,2013.9,481.09,133.62,2,34.27
2023-08-13,1992.1,472.95,138.54,2,33.77
2023-08-14,2001.6,478.43,129.7,5,35.4
2023-08-15,2005.7,474.06,134.38,2,33.55
2023-08-16,1998.7,474.14,136.36,2,33.43
2023-08-17,1959.5,474.22,137.38,4,34.71
2023-08-18,2020.7,473.13,134.75,3,34.84
2023-08-19,2019.0,473.64,136.64,5,35.06
2023-08-20,1975.2,476.61,129.33,4,34.25
2023-08-21,1941.4,470.5,135.08,2,33.85
2023-08-22,1947.3,472.62,138.68,5,34.38
2023-08-23,1977.9,468.19,134.64,3,34.07
2023-08-24,1971.7,475.42,138.03,3,34.08
2023-08-25,1932.6,464.43,139.47,3,33.04
2023-08-26,1949.9,476.41,137.38,2,33.62
2023-08-27,1966.9,466.81,139.2,3,33.97
2023-08-28,1966.3,459.47,136.09,2,33.57
2023-08-29,2012.8,466.89,138.64,3,34.37
2023-08-30,1988.6,462.48,141.39,3,34.9
2023-08-31,1975.7,469.74,140.32,4,34.92
2023-09-01,1979.2,461.93,138.39,5,34.78
2023-09-02,1983.4,462.62,141.12,2,33.66
2023-09-03,1986.9,455.08,142.9,3,34.63
2023-09-04,1961.8,461.96,134.91,3,34.17
2023-09-05,1993.3,451.8,144.85,2,33.03
2023-09-06,1985.5,455.7,140.67,4,34.7
2023-09-07,1989.3,467.15,143.27,4,35.02
2023-09-08,1989.3,467.0,145.9,2,34.37
2023-09-09,1997.4,464.94,138.52,3,33.99
2023-09-10,1950.4,457.73,140.82,2,33.08
2023-09-11,1940.3,462.09,142.41,4,33.68
2023-09-12,1937.8,462.09,141.25,2,33.36
2023-09-13,1962.5,456.1,149.13,6,35.23
2023-09-14,2003.7,469.2,141.68,4,34.46
2023-09-15,1974.1,465.88,142.92,3,33.92
2023-09-16,1986.5,460.21,145.53,3,33.17
2023-09-17,1962.8,461.28,141.64,5,35.23
2023-09-18,1969.7,462.03,144.4,3,33.26
2023-09-19,1944.1,450.63,146.87,2,33.26
2023-09-20,1977.4,459.47,145.26,3,34.01
2023-09-21,1974.0,457.17,146.32,5,34.67
2023-09-22,1984.2,455.46,145.35,4,34.33
2023-09-23,1981.1,458.97,142.73,4,33.93
2023-09-24,1996.1,469.27,148.58,5,34.88
2023-09-25,1963.9,463.41,153.23,5,35.05
2023-09-26,2009.4,457.29,148.36,5,35.44
2023-09-27,1991.0,462.95,149.32,2,33.5
2023-09-28,2004.7,467.05,151.07,3,33.62
2023-09-29,2028.0,464.65,145.53,4,34.48
2023-09-30,2022.7,460.3,154.79,4,35.43
2023-10-01,1997.6,456.77,150.63,4,34.14
2023-10-02,2005.7,463.5,155.26,2,33.76
2023-10-03,1989.7,461.99,148.51,4,35.01
2023-10-04,2015.8,464.53,156.51,4,34.48
2023-10-05,2012.5,463.27,153.72,2,33.78
2023-10-06,2047.7,465.4,153.4,3,34.88
2023-10-07,2053.7,457.54,152.78,2,34.78
2023-10-08,2010.9,466.88,151.68,3,34.03
2023-10-09,1951.0,461.37,156.37,2,33.89
2023-10-10,1989.6,470.86,153.53,3,34.07
2023-10-11,2026.1,457.15,147.54,3,33.91
2023-10-12,2022.9,469.4,150.43,4,34.92
2023-10-13,2010.5,461.85,153.56,4,34.15
2023-10-14,1993.2,457.75,155.39,5,35.0
2023-10-15,1967.6,458.75,154.62,2,34.68
2023-10-16,2049.1,459.73,158.78,2,34.53
2023-10-17,1974.1,463.64,149.6,5,34.71
2023-10-18,2027.2,464.32,156.22,2,34.4
2023-10-19,1957.4,459.05,150.66,6,34.57
2023-10-20,2005.1,462.01,158.72,5,34.67
2023-10-21,2047.4,473.07,156.48,3,34.64
2023-10-22,2017.3,471.23,158.35,6,35.64
2023-10-23,1998.0,465.03,154.82,2,33.24
2023-10-24,2018.3,463.3,161.57,3,34.17
2023-10-25,1984.9,463.98,161.17,4,34.38
2023-10-26,1982.2,466.73,160.11,3,34.68
2023-10-27,2022.7,458.84,158.28,5,34.55
2023-10-28,2005.3,462.97,160.72,2,33.23
2023-10-29,2016.3,456.23,157.16,3,34.24
2023-10-30,2052.6,466.89,162.15,3,35.08
2023-10-31,2062.3,468.47,164.84,4,35.35
2023-11-01,1981.0,463.16,163.4,3,34.12
2023-11-02,2009.8,473.8,158.29,3,34.27
2023-11-03,2027.4,460.17,161.86,5,35.39
2023-11-04,2017.2,459.35,157.18,2,34.16
2023-11-05,2084.6,468.18,163.06,5,35.6
2023-11-06,2012.3,472.69,162.98,3,34.01
2023-11-07,2056.2,476.28,156.3,4,34.82
2023-11-08,2025.7,465.98,158.69,4,35.15
2023-11-09,1993.3,474.09,161.6,2,33.24
2023-11-10,2013.3,468.94,161.82,3,35.01
2023-11-11,2028.3,468.71,159.35,5,35.07
2023-11-12,1997.9,474.44,164.41,3,34.42
2023-11-13,1987.3,473.74,164.25,6,35.69
2023-11-14,1976.9,463.07,163.17,3,33.69
2023-11-15,2048.2,478.81,161.73,2,34.18
2023-11-16,2040.9,478.81,167.39,3,34.76
2023-11-17,2027.3,469.28,169.45,6,35.32
2023-11-18,2024.2,474.89,163.26,3,34.09
2023-11-19,2004.5,475.89,163.11,5,34.78
2023-11-20,2034.7,475.24,166.65,5,35.89
2023-11-21,1990.7,471.71,164.32,3,34.36
2023-11-22,2067.5,471.64,165.19,2,34.1
2023-11-23,2091.5,475.41,168.04,4,35.81
2023-11-24,1985.4,481.95,160.3,3,34.02
2023-11-25,2047.7,479.36,170.19,4,34.39
2023-11-26,2036.2,475.35,166.65,3,34.9
2023-11-27,2048.9,481.63,165.39,3,35.47
2023-11-28,2054.3,464.11,166.55,4,35.22
2023-11-29,2049.1,484.67,166.89,3,34.11
2023-11-30,2028.0,470.82,161.99,3,34.48
2023-12-01,2135.6,478.3,171.84,3,35.35
2023-12-02,2045.2,475.11,167.65,3,34.84
2023-12-03,2094.4,474.84,169.01,3,34.74
2023-12-04,2085.5,487.73,170.7,5,35.87
2023-12-05,2036.3,480.21,164.93,3,34.13
2023-12-06,2048.5,484.9,169.56,3,34.95
2023-12-07,2060.1,483.56,167.48,4,34.78
2023-12-08,2044.0,486.81,170.96,3,35.03
2023-12-09,2030.9,485.45,162.17,3,34.43
2023-12-10,2045.1,479.29,168.38,5,34.29
2023-12-11,2078.3,491.33,166.99,4,35.91
2023-12-12,2112.9,484.53,170.21,3,35.57
2023-12-13,2048.5,479.86,170.43,4,35.73
2023-12-14,2074.8,486.16,167.0,2,33.85
2023-12-15,2038.2,496.47,167.09,4,35.09
2023-12-16,2105.3,493.88,168.98,3,35.5
2023-12-17,2023.2,488.55,166.71,3,34.94
2023-12-18,2097.8,489.22,172.01,3,34.74
2023-12-19,2069.9,490.02,168.45,2,34.88
2023-12-20,2072.8,502.69,160.91,2,34.69
2023-12-21,2072.0,494.89,168.57,6,35.66
2023-12-22,2044.5,495.81,166.63,3,34.69
2023-12-23,2047.8,499.49,164.91,3,35.28
2023-12-24,2097.5,496.22,166.13,2,34.3
2023-12-25,2082.3,494.41,170.21,2,35.13
2023-12-26,2083.2,495.41,173.9,4,35.81
2023-12-27,2097.9,496.72,170.89,3,35.33
2023-12-28,2085.2,497.58,168.15,3,34.69
2023-12-29,2076.0,502.09,171.35,2,34.32
2023-12-30,2147.9,499.4,168.62,4,36.11
2023-12-31,2109.6,503.49,167.92,2,34.78
2024-01-01,2086.7,500.28,166.53,2,34.86
2024-01-02,2069.3,501.77,164.73,3,35.64
2024-01-03,2099.5,492.07,168.8,3,35.27
2024-01-04,2082.2,507.33,170.43,2,34.95
2024-01-05,2075.2,505.17,169.64,4,35.66
2024-01-06,2143.3,509.11,168.65,4,36.79
2024-01-07,2070.3,490.32,167.02,5,36.43
2024-01-08,2098.1,515.93,171.64,3,35.89
2024-01-09,2090.0,505.47,165.81,2,35.16
2024-01-10,2133.9,512.39,172.03,3,36.05
2024-01-11,2102.3,502.32,166.64,6,37.32
2024-01-12,2125.9,511.26,167.32,3,36.07
2024-01-13,2054.4,503.6,165.1,4,36.2
2024-01-14,2119.2,506.42,167.92,2,35.18
2024-01-15,2119.7,519.78,172.26,3,35.42
2024-01-16,2108.7,509.92,170.79,2,35.05
2024-01-17,2143.3,512.62,172.09,3,35.81
2024-01-18,2133.6,516.54,170.62,5,37.46
2024-01-19,2113.0,515.32,165.63,6,37.33
2024-01-20,2057.4,514.24,167.84,3,35.12
2024-01-21,2105.5,515.96,166.37,3,36.11
2024-01-22,2115.7,526.8,172.58,5,36.78
2024-01-23,2120.2,515.13,164.86,4,36.94
2024-01-24,2142.4,517.05,171.0,2,35.56
2024-01-25,2117.1,521.93,170.86,3,35.35
2024-01-26,2114.6,522.83,173.52,2,35.48
2024-01-27,2158.0,523.85,166.65,3,36.19
2024-01-28,2107.2,521.72,169.86,3,35.35
2024-01-29,2089.1,513.42,174.41,3,35.85
2024-01-30,2102.1,527.91,165.54,3,36.51
2024-01-31,2083.3,514.6,162.62,2,34.74
2024-02-01,2084.9,522.44,161.41,3,36.11
2024-02-02,2135.7,517.74,169.0,5,36.61
2024-02-03,2049.7,521.76,161.03,4,35.81
2024-02-04,2095.1,524.3,165.37,3,35.77
2024-02-05,2121.2,524.82,167.6,5,36.83
2024-02-06,2127.4,525.88,166.64,5,37.1
2024-02-07,2175.2,532.39,167.15,2,35.78
2024-02-08,2162.0,527.14,166.33,2,36.52
2024-02-09,2084.8,524.18,169.29,4,36.34
2024-02-10,2073.2,530.75,162.37,5,36.88
2024-02-11,2125.2,532.4,162.97,6,37.08
2024-02-12,2089.3,520.82,162.46,5,36.08
2024-02-13,2099.9,530.45,167.03,4,36.83
2024-02-14,2131.6,531.47,167.0,3,35.76
2024-02-15,2127.0,526.96,165.41,2,35.78
2024-02-16,2117.5,535.81,167.36,2,36.18
2024-02-17,2097.4,528.65,160.03,3,35.86
2024-02-18,2113.3,530.49,168.31,4,36.93
2024-02-19,2119.1,529.45,167.62,3,35.99
2024-02-20,2139.8,530.84,164.99,4,36.17
2024-02-21,2097.4,525.72,167.86,3,36.01
2024-02-22,2085.2,524.42,157.28,3,35.83
2024-02-23,2120.8,540.01,160.4,2,36.94
2024-02-24,2111.1,528.21,159.49,3,35.63
2024-02-25,2125.9,527.89,163.58,4,36.42
2024-02-26,2150.7,522.46,157.98,4,36.35
2024-02-27,2136.2,530.42,163.12,6,37.39
2024-02-28,2135.3,527.36,164.66,3,36.12
2024-02-29,2131.8,542.55,162.35,3,36.04
2024-03-01,2106.7,539.73,160.81,3,36.34
2024-03-02,2097.6,531.58,156.7,3,35.87
2024-03-03,2115.8,546.61,156.82,5,37.66
2024-03-04,2146.3,540.57,162.8,4,36.62
2024-03-05,2082.4,534.35,161.08,5,37.42
2024-03-06,2117.1,523.77,158.32,2,35.7
2024-03-07,2132.8,548.01,156.87,5,37.79
2024-03-08,2116.6,529.88,151.73,2,35.73
2024-03-09,2083.7,528.86,154.28,5,36.29
2024-03-10,2117.0,542.45,162.9,3,36.17
2024-03-11,2120.5,549.78,153.01,3,35.86
2024-03-12,2120.5,544.73,157.09,3,36.29
2024-03-13,2149.9,540.85,159.22,5,37.38
2024-03-14,2135.9,541.21,152.1,2,36.02
2024-03-15,2173.9,542.7,156.09,3,37.26
2024-03-16,2117.3,542.41,158.02,5,37.01
2024-03-17,2036.4,540.2,154.91,3,34.84
2024-03-18,2125.3,539.48,163.15,2,37.31
2024-03-19,2112.4,538.79,149.2,3,35.9
2024-03-20,2135.2,535.48,157.04,3,36.7
2024-03-21,2120.6,537.97,153.01,5,36.43
2024-03-22,2095.1,531.02,155.51,4,36.42
2024-03-23,2159.9,539.1,154.17,3,36.25
2024-03-24,2076.9,534.74,150.31,6,35.91
2024-03-25,2100.2,534.25,152.85,3,35.9
2024-03-26,2076.6,540.73,146.25,2,35.5
2024-03-27,2127.3,546.85,153.29,3,36.33
2024-03-28,2160.6,544.53,152.03,3,36.75
2024-03-29,2100.1,532.12,152.71,2,35.47
2024-03-30,2106.4,535.04,153.63,5,36.9
2024-03-31,2077.1,544.7,151.21,4,36.46
2024-04-01,2095.9,535.08,150.21,3,35.98
2024-04-02,2130.6,538.86,146.78,3,36.26
2024-04-03,2101.7,542.71,146.94,4,36.2
2024-04-04,2099.3,535.08,152.29,5,37.06
2024-04-05,2143.6,540.4,152.7,5,37.14
2024-04-06,2086.5,533.14,147.33,3,35.74
2024-04-07,2133.1,536.73,147.84,4,36.92
2024-04-08,2069.1,541.25,144.65,3,35.96
2024-04-09,2115.4,531.59,150.54,3,35.82
2024-04-10,2151.0,541.65,148.68,2,36.63
2024-04-11,2138.4,539.23,152.17,2,35.52
2024-04-12,2053.0,541.96,143.37,3,35.34
2024-04-13,2083.4,540.17,144.54,3,36.24
2024-04-14,2104.6,545.72,146.03,2,36.52
2024-04-15,2128.2,539.36,146.94,4,36.48
2024-04-16,2059.4,536.41,144.02,2,35.49
2024-04-17,2066.4,538.97,141.72,3,35.34
2024-04-18,2064.5,540.88,146.65,3,35.46
2024-04-19,2078.3,538.2,145.84,6,37.55
2024-04-20,2056.8,537.93,140.61,3,35.87
2024-04-21,2135.1,533.98,147.1,2,36.36
2024-04-22,2077.2,533.93,146.22,3,36.26
2024-04-23,2097.8,529.98,142.79,5,35.9
2024-04-24,2103.3,545.47,142.31,6,36.93
2024-04-25,2082.3,530.23,143.42,3,35.92
2024-04-26,2062.0,532.69,138.86,3,35.01
2024-04-27,2100.1,532.27,141.23,5,36.36
2024-04-28,2082.6,540.02,134.37,2,36.13
2024-04-29,2089.4,533.75,143.16,4,36.1
2024-04-30,2067.9,541.13,135.54,3,36.14
2024-05-01,2074.9,531.19,144.44,2,35.36
2024-05-02,2095.4,535.6,138.64,3,35.73
2024-05-03,2077.7,529.66,138.7,3,35.1
2024-05-04,2093.7,544.2,137.16,4,36.61
2024-05-05,2047.7,527.15,137.9,5,36.87
2024-05-06,2135.4,534.25,142.73,3,36.04
2024-05-07,2052.7,535.46,130.74,5,36.48
2024-05-08,2083.7,533.95,141.75,2,34.87
2024-05-09,2068.5,530.54,138.66,3,35.44
2024-05-10,2112.0,530.39,133.76,2,35.79
2024-05-11,2056.7,530.81,133.89,5,36.71
2024-05-12,2068.3,529.41,141.88,4,36.31
2024-05-13,2072.2,534.51,133.76,4,35.38
2024-05-14,2058.8,540.28,132.88,5,36.39
2024-05-15,2070.8,525.96,139.51,4,35.67
2024-05-16,2115.2,521.42,136.87,6,37.02
2024-05-17,2064.1,527.34,132.8,4,35.98
2024-05-18,2088.9,540.18,136.02,5,37.24
2024-05-19,2030.3,522.75,132.06,3,35.4
2024-05-20,2120.8,534.45,138.21,2,36.35
2024-05-21,2125.4,534.12,137.87,3,35.94
2024-05-22,2077.1,522.43,136.07,2,34.69
2024-05-23,2078.3,527.51,135.34,3,36.32
2024-05-24,2071.2,532.26,139.33,3,35.93
2024-05-25,2060.0,521.67,133.84,4,35.61
2024-05-26,2022.3,521.99,130.09,2,34.98
2024-05-27,2020.7,519.53,134.79,2,35.09
2024-05-28,2017.0,516.79,139.51,3,35.14
2024-05-29,2047.4,518.04,130.02,6,36.26
2024-05-30,2001.0,514.58,131.8,3,34.75
2024-05-31,2035.9,520.28,133.96,3,35.41
2024-06-01,2036.7,515.66,132.38,4,35.71
2024-06-02,2063.9,520.08,129.43,4,36.4
2024-06-03,2022.5,510.52,135.58,3,34.93
2024-06-04,2084.9,519.34,139.02,3,35.28
2024-06-05,2070.3,521.23,132.5,2,36.21
2024-06-06,1991.0,506.47,129.06,6,36.0
2024-06-07,2058.6,517.68,126.98,2,35.37
2024-06-08,2039.4,521.32,132.27,3,35.54
2024-06-09,2019.6,508.49,134.68,2,34.66
2024-06-10,2041.7,522.26,132.67,2,34.88
2024-06-11,2035.2,515.34,131.12,4,34.49
2024-06-12,2011.7,509.07,129.25,2,34.1
2024-06-13,2001.8,511.66,127.64,2,34.62
2024-06-14,2019.0,514.08,133.32,3,33.98
2024-06-15,2036.9,511.0,133.46,2,34.79
2024-06-16,2017.0,512.65,125.99,2,34.89
2024-06-17,2040.8,504.69,135.32,5,36.23
2024-06-18,2029.9,509.47,132.19,4,35.72
2024-06-19,2022.4,500.88,134.6,5,36.08
2024-06-20,2027.5,506.71,126.31,5,36.46
2024-06-21,2040.9,502.07,126.18,4,35.9
2024-06-22,2049.4,502.24,129.77,2,34.81
2024-06-23,2064.0,511.41,131.68,4,35.73
2024-06-24,2057.8,510.01,135.52,5,36.16
2024-06-25,2076.9,506.91,132.21,4,35.71
2024-06-26,2016.2,497.72,129.34,3,35.24
2024-06-27,2013.4,500.91,126.96,2,34.65
2024-06-28,2085.3,507.87,133.71,5,36.15
2024-06-29,1938.8,501.83,127.11,4,35.17
2024-06-30,2032.5,512.03,134.89,6,36.22
2024-07-01,2042.2,501.71,129.15,2,34.28
2024-07-02,2044.1,500.01,134.78,2,34.65
2024-07-03,2073.5,496.82,132.05,2,34.51
2024-07-04,2009.5,498.35,129.62,4,35.53
2024-07-05,1990.6,496.23,128.5,2,33.83
2024-07-06,1999.6,499.85,129.06,2,34.25
2024-07-07,2021.4,500.41,131.41,6,36.45
2024-07-08,2037.8,491.01,130.39,2,34.18
2024-07-09,2029.1,487.6,128.43,5,35.71
2024-07-10,1984.7,484.4,129.76,3,33.95
2024-07-11,2010.6,495.44,130.55,5,35.61
2024-07-12,1962.8,486.71,124.0,3,34.43
2024-07-13,1972.1,480.78,131.83,5,34.97
2024-07-14,2020.6,492.82,127.59,5,35.57
2024-07-15,2048.4,502.67,127.15,2,34.9
2024-07-16,1968.1,489.51,125.63,2,33.78
2024-07-17,1996.5,493.07,125.41,3,34.92
2024-07-18,1980.5,488.63,126.82,4,35.32
2024-07-19,2009.9,487.07,128.86,5,35.02
2024-07-20,2001.5,491.51,136.96,3,35.29
2024-07-21,1938.3,484.81,129.64,4,34.26
2024-07-22,2019.3,486.96,131.87,2,35.06
2024-07-23,1987.6,486.59,132.66,5,35.08
2024-07-24,1980.5,481.01,131.99,6,35.74
2024-07-25,2006.9,488.68,131.5,3,34.87
2024-07-26,1988.7,482.21,128.29,3,34.19
2024-07-27,2002.2,478.69,136.38,2,34.03
2024-07-28,1961.3,484.53,137.6,3,34.73
2024-07-29,1983.6,476.75,127.29,3,34.09
2024-07-30,1932.3,480.78,129.43,2,33.3
2024-07-31,2002.9,479.99,131.83,3,33.96
2024-08-01,2015.2,484.87,129.95,3,35.22
2024-08-02,1956.7,481.23,134.54,3,33.88
2024-08-03,1987.5,478.15,131.02,3,34.75
2024-08-04,2028.9,481.79,139.89,2,34.02
2024-08-05,1989.2,484.08,137.16,4,35.24
2024-08-06,2004.7,479.36,134.43,4,35.15
2024-08-07,1918.6,476.07,137.07,3,33.6
2024-08-08,2005.9,468.91,137.52,2,33.59
2024-08-09,1970.6,469.61,132.72,4,34.15
2024-08-10,1967.2,472.87,132.18,6,34.96
2024-08-11,2001.0,470.83,135.09,2,34.3
2024-08-12,2027.2,472.42,137.67,3,34.57
2024-08-13,1993.3,473.13,135.73,2,33.4
2024-08-14,2014.3,474.99,130.82,3,34.34
2024-08-15,1935.2,471.5,133.38,2,33.3
2024-08-16,1999.0,473.8,135.81,3,33.44
2024-08-17,1975.6,471.21,136.06,4,34.39
2024-08-18,1956.0,460.55,142.45,3,34.05
2024-08-19,1915.0,465.27,132.63,3,33.44
2024-08-20,1995.6,468.8,138.57,3,34.3
2024-08-21,2000.0,463.03,141.78,3,34.34
2024-08-22,2029.8,471.64,144.4,2,33.98
2024-08-23,2016.5,475.87,136.64,2,34.36
2024-08-24,1970.8,473.9,139.6,5,35.46
2024-08-25,2012.0,466.34,140.12,2,33.28
2024-08-26,2025.2,474.46,139.28,4,34.78
2024-08-27,1971.9,467.37,138.68,5,35.72
2024-08-28,1978.7,464.57,140.57,3,34.07
2024-08-29,1934.8,462.82,131.96,3,33.61
2024-08-30,2016.8,464.02,141.9,3,34.19
2024-08-31,1938.1,463.25,140.53,5,34.96
2024-09-01,1991.5,465.71,139.78,5,34.54
2024-09-02,1976.9,465.33,146.89,4,34.77
2024-09-03,1946.7,464.23,139.04,2,33.23
2024-09-04,1932.6,466.1,140.16,4,33.75
2024-09-05,1994.3,469.58,147.66,3,34.11
2024-09-06,1949.5,468.09,139.5,3,33.8
2024-09-07,1966.2,455.65,140.66,2,33.17
2024-09-08,2003.7,450.05,142.19,2,34.03
2024-09-09,1996.8,467.24,145.47,4,34.29
2024-09-10,2021.0,455.5,143.9,3,34.26
2024-09-11,1946.4,460.98,139.72,3,33.9
2024-09-12,1936.7,456.04,142.33,3,33.59
2024-09-13,1938.2,452.68,142.43,5,34.6
2024-09-14,1983.4,464.2,144.35,4,34.26
2024-09-15,2058.1,465.11,146.19,3,34.89
2024-09-16,1938.9,458.26,146.51,2,33.45
2024-09-17,1968.1,448.03,140.26,3,34.05
2024-09-18,1967.9,458.11,149.11,5,33.86
2024-09-19,1982.4,462.66,147.02,3,34.2
2024-09-20,1949.8,453.19,150.75,3,33.96
2024-09-21,2010.6,461.39,148.27,3,34.04
2024-09-22,1990.5,460.3,150.58,3,33.81
2024-09-23,2020.0,463.18,149.02,5,34.83
2024-09-24,1999.6,460.81,152.0,3,33.7
2024-09-25,1934.4,455.28,149.87,2,33.37
2024-09-26,2023.2,466.07,148.35,2,34.89
2024-09-27,1950.2,459.26,155.81,3,33.47
2024-09-28,1947.1,459.89,152.0,5,34.29
2024-09-29,1962.9,455.34,151.4,3,33.74
2024-09-30,1956.5,457.78,146.19,5,33.88
2024-10-01,2011.3,455.58,146.5,4,34.25
2024-10-02,1987.6,459.16,151.59,2,33.57
2024-10-03,2037.1,468.61,151.49,2,33.77
2024-10-04,1964.8,453.24,149.55,2,33.8
2024-10-05,1990.4,452.08,152.16,4,33.79
2024-10-06,2026.9,467.57,156.85,2,34.39
2024-10-07,2015.3,459.25,154.51,3,34.8
2024-10-08,1972.6,457.04,149.34,3,33.99
2024-10-09,1994.6,465.68,152.77,4,34.49
2024-10-10,1981.0,457.57,151.03,2,33.61
2024-10-11,1968.7,469.85,152.62,3,33.82
2024-10-12,2000.0,464.25,152.88,3,33.35
2024-10-13,1984.3,458.57,153.02,3,33.56
2024-10-14,2024.5,471.95,151.03,5,35.27
2024-10-15,1999.2,458.31,154.74,2,33.29
2024-10-16,2038.8,465.23,153.77,5,35.12
2024-10-17,1990.6,463.21,147.0,4,34.66
2024-10-18,2013.1,468.42,162.27,3,34.39
2024-10-19,2025.8,469.94,159.71,4,35.28
2024-10-20,2023.2,462.52,155.64,3,34.44
2024-10-21,1958.2,458.83,157.15,2,33.49
2024-10-22,1987.6,465.15,153.89,4,34.19
2024-10-23,1997.9,459.72,162.82,3,33.55
2024-10-24,2047.9,473.45,163.74,4,34.92
2024-10-25,2027.4,464.34,158.83,3,34.09
2024-10-26,2019.2,462.13,161.74,5,35.02
2024-10-27,1954.8,465.18,159.5,3,33.39
2024-10-28,1956.0,457.84,155.27,2,33.65
2024-10-29,2000.8,460.04,158.35,3,33.81
2024-10-30,2014.9,471.23,160.28,4,34.64
2024-10-31,2011.2,462.29,158.82,4,34.62
2024-11-01,1999.0,460.7,159.82,3,34.55
2024-11-02,2062.8,468.98,160.5,5,36.24
2024-11-03,1973.2,472.6,160.82,3,34.81
2024-11-04,2036.5,470.65,161.5,3,34.04
2024-11-05,2046.2,472.43,158.44,5,35.31
2024-11-06,2033.2,464.07,159.75,5,35.0
2024-11-07,2028.1,461.16,158.33,4,34.89
2024-11-08,2068.4,476.2,165.38,5,35.81
2024-11-09,1999.0,467.52,156.4,2,33.57
2024-11-10,2007.8,468.32,166.44,5,34.82
2024-11-11,1998.9,476.66,167.4,3,33.94
2024-11-12,2026.0,473.26,162.59,2,33.05
2024-11-13,2002.3,473.23,155.94,2,33.4
2024-11-14,2078.2,482.25,162.91,3,35.41
2024-11-15,2024.0,468.7,164.05,3,35.01
2024-11-16,2012.7,477.05,161.45,3,35.0
2024-11-17,2006.4,473.2,163.17,2,34.31
2024-11-18,2100.9,474.76,169.54,3,34.72
2024-11-19,2056.2,481.58,167.17,3,34.4
2024-11-20,2021.2,477.0,162.62,3,33.8
2024-11-21,2041.3,477.69,160.82,3,34.46
2024-11-22,2098.5,480.9,164.84,4,35.64
2024-11-23,2032.4,474.26,165.39,5,34.97
2024-11-24,2061.3,472.45,167.72,4,35.35
2024-11-25,2067.3,471.98,164.83,3,35.08
2024-11-26,1991.0,467.94,168.16,4,34.36
2024-11-27,2062.2,488.63,172.62,2,34.09
2024-11-28,2075.5,473.41,169.45,2,35.06
2024-11-29,2034.2,478.41,167.03,3,34.66
2024-11-30,2062.1,478.73,166.8,5,36.45
2024-12-01,2037.3,482.25,166.45,2,34.37
2024-12-02,2059.4,485.4,171.23,2,34.62
2024-12-03,2047.1,486.23,165.96,2,34.08
2024-12-04,2071.6,479.63,168.13,5,35.6
2024-12-05,2065.1,482.33,168.3,4,34.73
2024-12-06,2063.8,485.21,166.78,3,34.45
2024-12-07,2116.1,483.18,164.3,3,35.67
2024-12-08,2122.2,493.1,169.52,3,35.46
2024-12-09,2019.7,488.16,168.5,4,34.91
2024-12-10,2064.5,490.02,170.3,2,34.37
2024-12-11,2130.8,490.31,167.31,5,36.25
2024-12-12,2071.3,493.51,172.68,3,35.63
2024-12-13,2119.0,489.21,166.5,4,35.95
2024-12-14,2061.8,482.48,174.36,2,34.06
2024-12-15,2059.7,491.62,164.07,3,35.46
2024-12-16,2093.6,487.04,170.71,3,35.94
2024-12-17,2072.0,488.32,170.91,3,35.3
2024-12-18,2088.6,494.56,167.17,2,35.28
2024-12-19,2128.9,498.5,170.9,4,36.6
2024-12-20,2105.7,493.09,173.53,2,34.38
2024-12-21,2072.5,495.21,163.1,4,36.35
2024-12-22,2138.7,502.85,171.31,5,37.09
2024-12-23,2091.0,496.23,162.36,3,35.57
2024-12-24,2078.7,508.72,166.99,4,35.81
2024-12-25,2147.9,499.22,174.81,4,35.74
2024-12-26,2084.9,488.27,168.2,3,35.07
2024-12-27,2079.8,501.53,166.45,5,36.34
2024-12-28,2038.8,500.36,169.39,3,34.57
2024-12-29,2076.3,505.59,176.2,3,35.37
2024-12-30,2126.3,503.19,164.5,4,35.68
2024-12-31,2126.9,499.82,166.84,3,35.56
2025-01-01,2093.0,494.57,174.49,3,34.82
2025-01-02,2057.4,500.33,175.56,3,34.58
2025-01-03,2058.9,497.81,169.66,5,36.07
2025-01-04,2041.6,499.85,166.24,5,35.6
2025-01-05,2070.5,506.38,176.21,3,35.17
2025-01-06,2168.7,512.47,174.68,4,36.38
2025-01-07,2155.4,506.78,171.89,5,37.93
2025-01-08,2056.0,499.51,167.37,2,34.98
2025-01-09,2101.6,508.39,169.61,2,35.52
2025-01-10,2075.6,512.83,169.22,4,35.59
2025-01-11,2097.6,504.48,170.64,5,36.55
2025-01-12,2150.1,507.53,173.93,5,36.72
2025-01-13,2134.7,508.94,172.14,3,35.6
2025-01-14,2111.0,505.62,166.19,2,36.04
2025-01-15,2112.3,513.45,173.47,3,36.03
2025-01-16,2137.3,510.27,170.19,2,35.76
2025-01-17,2129.0,513.63,171.21,3,35.55
2025-01-18,2118.6,507.75,173.45,4,35.66
2025-01-19,2094.3,510.66,165.61,2,35.19
2025-01-20,2121.1,517.1,168.72,5,36.5
2025-01-21,2109.8,512.27,167.11,3,36.01
2025-01-22,2099.3,523.41,163.88,3,36.12
2025-01-23,2089.7,513.42,169.5,2,35.25
2025-01-24,2102.5,517.17,175.85,3,36.11
2025-01-25,2084.0,521.34,162.66,2,35.37
2025-01-26,2096.5,510.21,167.94,6,36.48
2025-01-27,2094.5,509.11,169.8,5,36.31
2025-01-28,2087.0,510.9,168.09,3,35.61
2025-01-29,2105.3,525.45,167.22,2,35.9
2025-01-30,2109.8,516.98,163.5,5,36.72
2025-01-31,2170.0,533.13,167.92,3,36.33
2025-02-01,2106.4,518.1,164.78,2,35.81
2025-02-02,2102.3,522.43,160.29,3,36.01
2025-02-03,2111.8,529.79,170.26,5,37.46
2025-02-04,2132.2,532.68,169.36,2,35.88
2025-02-05,2162.9,533.53,166.44,2,35.69
2025-02-06,2154.2,529.82,166.77,5,37.65
2025-02-07,2156.6,529.45,169.1,2,35.76
2025-02-08,2147.8,527.83,166.34,2,36.02
2025-02-09,2141.2,529.29,168.16,3,36.34
2025-02-10,2123.5,523.17,164.34,5,36.85
2025-02-11,2127.5,522.36,168.94,3,35.99
2025-02-12,2111.5,526.95,165.74,6,36.54
2025-02-13,2122.3,526.62,165.12,4,36.08
2025-02-14,2114.9,525.7,160.49,2,36.05
2025-02-15,2143.6,531.93,164.92,6,37.7
2025-02-16,2125.7,533.71,161.32,3,36.97
2025-02-17,2170.7,529.84,161.65,3,36.1
2025-02-18,2097.4,537.25,160.86,3,36.03
2025-02-19,2125.5,524.61,159.85,3,36.54
2025-02-20,2132.0,529.79,169.16,2,35.58
2025-02-21,2124.5,527.61,166.51,2,35.52
2025-02-22,2099.1,522.29,168.01,3,35.71
2025-02-23,2139.5,531.63,158.31,5,36.91
2025-02-24,2137.9,531.84,161.91,3,36.49
2025-02-25,2146.5,540.41,157.54,6,36.97
2025-02-26,2126.9,536.39,159.04,3,36.92
2025-02-27,2100.8,528.49,158.09,3,35.55
2025-02-28,2141.8,543.25,164.27,2,35.24
2025-03-01,2139.6,540.44,159.07,2,36.02
2025-03-02,2082.6,537.59,163.17,3,35.77
2025-03-03,2145.6,533.89,161.48,4,36.7
2025-03-04,2189.0,530.55,166.27,5,37.6
2025-03-05,2121.9,533.8,154.62,6,37.64
2025-03-06,2130.1,541.42,162.52,2,36.64
2025-03-07,2138.3,545.69,161.88,5,37.02
2025-03-08,2144.5,544.27,155.2,3,36.83
2025-03-09,2116.8,534.38,160.83,2,36.03
2025-03-10,2135.9,531.49,158.5,5,36.0
2025-03-11,2115.7,538.05,156.49,4,36.26
2025-03-12,2144.7,528.74,154.38,2,35.37
2025-03-13,2160.0,539.43,154.37,3,36.75
2025-03-14,2122.4,537.29,162.35,3,36.37
2025-03-15,2113.6,535.91,155.87,4,36.69
2025-03-16,2110.9,530.46,157.89,3,35.92
2025-03-17,2117.2,541.19,152.83,6,37.37
2025-03-18,2085.6,536.13,152.54,2,35.52
2025-03-19,2088.0,533.11,157.79,3,35.74
2025-03-20,2118.7,524.74,150.16,3,36.33
2025-03-21,2141.1,539.11,152.62,3,35.99
2025-03-22,2156.4,548.23,153.63,3,36.36
2025-03-23,2127.0,547.79,153.52,4,36.88
2025-03-24,2157.9,537.31,152.31,5,37.18
2025-03-25,2111.8,536.67,153.7,5,36.5
2025-03-26,2143.2,542.11,154.25,5,37.49
2025-03-27,2075.6,534.84,154.03,5,36.4
2025-03-28,2103.4,541.4,148.52,3,35.81
2025-03-29,2112.3,543.77,150.29,5,36.99
2025-03-30,2126.3,546.1,154.38,3,36.04
2025-03-31,2082.4,539.49,153.14,3,35.94
2025-04-01,2118.0,538.98,145.99,3,36.09
2025-04-02,2130.8,535.61,150.82,3,36.08
2025-04-03,2072.1,535.85,143.48,3,35.61
2025-04-04,2078.0,538.82,149.22,6,37.5
2025-04-05,2102.3,541.76,154.43,3,36.29
2025-04-06,2120.1,544.44,145.55,2,35.24
2025-04-07,2079.9,535.79,145.54,3,36.23
2025-04-08,2117.4,547.2,150.0,2,36.15
2025-04-09,2066.1,538.3,142.73,2,35.59
2025-04-10,2148.9,539.45,145.12,2,36.44
2025-04-11,2102.3,535.71,148.47,3,36.06
2025-04-12,2108.4,527.2,144.44,3,36.22
2025-04-13,2118.3,543.61,145.3,4,36.52
2025-04-14,2108.9,542.74,147.9,4,36.95
2025-04-15,2097.1,537.49,146.6,3,36.13
2025-04-16,2082.1,539.06,145.8,3,35.39
2025-04-17,2087.7,541.13,143.65,3,36.43
2025-04-18,2061.5,530.55,145.45,4,36.0
2025-04-19,2062.6,535.52,143.64,2,35.23
2025-04-20,2155.2,541.92,145.05,2,35.99
2025-04-21,2087.9,531.46,141.86,4,36.13
2025-04-22,2130.1,538.96,142.48,3,36.42
2025-04-23,2055.3,530.47,139.74,2,34.8
2025-04-24,2062.3,539.32,142.29,2,34.76
2025-04-25,2059.7,536.55,139.64,5,36.1
2025-04-26,2058.8,528.37,138.42,5,36.55
2025-04-27,2098.3,541.98,142.22,4,36.45
2025-04-28,2078.1,532.19,141.78,3,36.25
2025-04-29,2064.3,531.5,143.18,3,35.66
2025-04-30,2085.0,536.23,139.23,6,37.46
2025-05-01,2098.2,540.64,141.45,6,37.02
2025-05-02,2094.9,529.48,141.58,2,35.33
2025-05-03,2120.5,534.51,140.96,5,36.99
2025-05-04,2068.6,535.99,136.86,2,35.33
2025-05-05,2114.8,536.93,139.5,2,35.68
2025-05-06,2082.3,533.97,139.85,4,35.92
2025-05-07,2035.1,530.86,138.5,3,34.81
2025-05-08,2100.7,528.16,131.94,5,36.98
2025-05-09,2132.1,532.31,138.4,2,36.05
2025-05-10,2093.2,526.1,144.29,3,35.59
2025-05-11,2049.5,516.43,136.3,5,36.29
2025-05-12,2062.2,532.78,134.93,5,36.42
2025-05-13,2066.4,534.67,137.98,2,35.79
2025-05-14,2082.2,517.88,137.54,3,35.1
2025-05-15,2065.7,524.18,139.92,4,35.94
2025-05-16,2104.3,531.85,132.32,2,35.53
2025-05-17,2084.8,538.56,138.04,6,37.22
2025-05-18,2056.3,527.88,137.38,5,36.98
2025-05-19,2040.3,523.64,134.95,2,34.93
2025-05-20,2042.5,525.86,136.16,2,35.33
2025-05-21,2088.6,533.13,138.0,2,35.45
2025-05-22,2026.0,522.5,137.31,5,36.47
2025-05-23,2023.4,521.21,131.04,2,35.11
2025-05-24,2089.9,522.25,136.72,3,35.62
2025-05-25,2022.9,519.35,133.85,3,35.01
2025-05-26,2076.0,524.18,134.06,3,35.87
2025-05-27,2012.8,531.13,133.86,2,34.61
2025-05-28,2088.3,524.06,132.99,2,35.44
2025-05-29,2022.8,520.61,136.83,5,35.85
2025-05-30,2023.5,519.83,132.82,5,36.13
2025-05-31,2045.4,512.89,129.53,4,35.59
2025-06-01,2056.6,524.53,131.53,2,34.84
2025-06-02,2067.2,519.12,133.08,3,35.97
2025-06-03,2017.2,518.01,136.06,4,35.6
2025-06-04,2062.3,534.27,134.03,3,35.69
2025-06-05,2022.4,519.18,129.51,5,36.13
2025-06-06,2020.9,513.31,139.37,4,34.8
2025-06-07,2051.5,514.31,132.56,2,35.76
2025-06-08,2076.8,521.55,135.46,5,36.45
2025-06-09,2027.3,515.74,131.04,6,35.57
2025-06-10,2065.0,507.35,132.97,2,35.41
2025-06-11,2025.6,518.49,133.76,3,34.88
2025-06-12,2071.9,509.91,134.78,3,35.84
2025-06-13,2065.4,521.96,134.19,3,35.6
2025-06-14,2012.5,517.34,133.53,2,34.03
2025-06-15,2072.8,509.05,129.87,3,35.52
2025-06-16,2022.4,517.03,129.0,6,36.41
2025-06-17,2058.8,510.3,131.63,3,35.79
2025-06-18,2040.7,513.55,133.35,2,35.04
2025-06-19,2035.5,511.04,129.8,4,35.05
2025-06-20,2045.3,503.71,133.59,3,35.52
2025-06-21,2046.6,504.05,134.69,5,35.77
2025-06-22,2014.1,511.74,127.52,3,35.68
2025-06-23,2025.1,504.24,127.71,2,34.42
2025-06-24,2025.7,503.21,129.75,2,34.47
2025-06-25,2017.1,499.77,131.05,4,34.9
2025-06-26,2010.9,505.98,128.52,3,34.68
2025-06-27,2043.8,513.49,134.12,4,35.35
2025-06-28,2057.5,497.16,131.31,2,35.19
2025-06-29,2005.8,501.93,130.14,3,34.24
2025-06-30,2043.8,508.18,125.7,3,35.5
2025-07-01,1986.7,500.03,126.05,5,35.73
2025-07-02,1992.7,502.0,130.84,5,36.02
2025-07-03,2069.7,493.74,123.61,2,34.78
2025-07-04,2030.4,500.51,133.05,3,34.54
2025-07-05,2018.4,496.74,129.56,2,34.33
2025-07-06,2047.3,501.92,139.79,3,35.35
2025-07-07,2062.6,502.24,137.01,3,35.27
2025-07-08,2032.2,508.57,129.58,5,36.03
2025-07-09,2026.8,497.84,129.84,5,36.23
2025-07-10,1983.8,495.89,133.19,3,34.74
2025-07-11,2037.2,494.55,135.37,3,34.99
2025-07-12,1981.6,491.13,125.4,5,34.48
2025-07-13,2007.7,493.92,125.02,5,35.16
2025-07-14,1949.4,490.07,128.59,2,33.58
2025-07-15,2017.9,491.72,132.28,3,33.93
2025-07-16,1953.3,496.8,132.1,3,33.84
2025-07-17,1987.7,484.51,133.9,2,33.86
2025-07-18,1953.6,494.58,127.19,2,33.81
2025-07-19,2005.9,494.81,123.94,2,34.47
2025-07-20,1999.3,486.98,133.56,4,34.82
2025-07-21,1952.4,476.3,128.62,3,34.06
2025-07-22,2011.0,483.23,125.16,2,33.97
2025-07-23,1979.3,492.11,131.77,2,34.03
2025-07-24,1919.2,484.87,133.84,5,34.81
2025-07-25,1994.3,479.35,131.23,5,35.73
2025-07-26,1938.3,481.19,130.36,3,33.72
2025-07-27,1972.1,487.29,131.4,3,34.34
2025-07-28,1976.7,485.2,130.91,6,35.84
2025-07-29,1941.7,480.66,128.13,2,32.97
2025-07-30,1967.2,479.41,130.19,2,34.53
2025-07-31,1951.0,478.68,134.06,3,34.46
2025-08-01,1984.5,475.43,133.63,2,33.12
2025-08-02,1967.3,487.52,133.35,3,34.4
2025-08-03,1976.7,477.25,130.04,5,34.75
2025-08-04,2020.9,484.36,132.66,4,34.87
2025-08-05,2001.3,485.31,126.86,3,34.63
2025-08-06,1989.4,482.12,134.13,5,35.57
2025-08-07,1963.1,474.41,138.08,2,33.43
2025-08-08,1980.2,478.04,129.57,2,33.63
2025-08-09,1960.5,475.35,132.44,3,34.16
2025-08-10,1981.5,470.41,135.4,4,34.74
2025-08-11,1947.9,476.02,138.39,2,33.12
2025-08-12,1989.2,467.98,133.51,3,34.82
2025-08-13,1985.8,479.29,133.01,4,34.42
2025-08-14,2019.8,470.52,129.41,4,35.2
2025-08-15,2014.4,473.35,135.86,4,35.0
2025-08-16,2007.9,473.27,141.92,3,34.6
2025-08-17,1975.7,470.07,136.87,2,33.41
2025-08-18,1964.9,473.83,136.22,3,33.34
2025-08-19,2000.6,468.05,137.5,2,33.82
2025-08-20,1979.3,474.32,136.76,5,34.94
2025-08-21,1992.6,462.79,134.61,3,33.7
2025-08-22,1994.2,469.71,139.79,3,34.57
2025-08-23,2004.2,478.34,138.26,4,34.79
2025-08-24,1985.5,463.22,137.91,3,33.71
2025-08-25,1944.0,464.42,135.2,3,33.95
2025-08-26,1964.0,469.97,142.32,5,35.01
2025-08-27,1956.8,467.91,140.68,5,34.39
2025-08-28,2003.4,468.38,137.32,4,35.15
2025-08-29,1963.9,468.7,142.27,2,34.44
2025-08-30,1959.2,469.06,138.06,3,33.47
2025-08-31,1995.1,471.08,137.51,4,34.55
2025-09-01,1970.3,467.24,137.87,2,33.71
2025-09-02,1956.3,463.65,135.14,2,34.32
2025-09-03,1974.5,467.89,142.17,5,34.52
2025-09-04,1923.6,473.72,135.57,2,32.92
2025-09-05,1946.1,463.25,137.68,4,33.74
2025-09-06,1988.6,458.75,135.45,3,34.48
2025-09-07,1973.3,468.88,141.74,3,33.74
2025-09-08,1929.9,462.47,141.86,2,32.84
2025-09-09,1936.0,451.95,141.65,5,34.36
2025-09-10,1988.8,466.8,139.82,3,34.24
2025-09-11,1977.5,459.65,139.76,3,34.34
2025-09-12,1975.1,461.65,144.99,4,34.36
2025-09-13,1962.6,463.55,142.27,4,34.35
2025-09-14,1949.3,462.64,145.2,6,34.89
2025-09-15,1990.6,465.04,141.93,3,33.58
2025-09-16,2000.6,459.14,145.46,3,34.01
2025-09-17,2026.1,463.71,149.16,6,35.59
2025-09-18,1956.5,459.69,147.34,4,33.97
2025-09-19,2020.3,464.53,144.68,3,33.7
2025-09-20,1988.3,463.78,147.03,2,33.21
2025-09-21,1976.3,455.91,145.88,5,34.63
2025-09-22,2015.1,465.9,146.96,3,34.68
2025-09-23,1965.6,457.69,146.3,4,34.86
2025-09-24,1936.6,464.32,147.13,3,33.58
2025-09-25,2007.9,462.04,148.6,2,33.51
2025-09-26,2003.4,469.34,145.32,4,34.52
2025-09-27,1970.7,458.97,145.6,2,33.03
2025-09-28,1992.7,458.3,144.82,3,34.33
2025-09-29,1999.6,459.93,144.53,3,34.95
2025-09-30,1942.0,458.49,146.03,3,33.34
2025-10-01,1997.6,464.0,150.5,4,34.06
2025-10-02,1916.3,451.93,147.69,5,34.51
2025-10-03,1983.5,454.76,152.25,4,34.42
2025-10-04,1975.1,454.72,151.16,2,33.56
2025-10-05,2000.6,464.85,145.49,2,34.41
2025-10-06,1983.6,468.7,153.7,3,33.55
2025-10-07,1988.0,459.7,154.51,5,34.24
2025-10-08,1907.7,459.45,149.44,5,34.09
2025-10-09,2013.1,460.73,154.03,5,35.04
2025-10-10,1998.3,466.29,150.54,3,34.04
2025-10-11,1993.6,455.96,153.74,3,34.97
2025-10-12,1955.5,461.91,149.99,3,33.65
2025-10-13,2006.0,465.73,148.74,2,33.61
2025-10-14,2043.2,463.51,153.31,2,34.15
2025-10-15,1997.4,462.11,154.42,5,35.3
2025-10-16,2023.6,466.34,153.93,2,33.69
2025-10-17,1954.0,448.0,151.9,2,33.09
2025-10-18,2004.9,465.1,154.59,2,34.22
2025-10-19,1963.5,458.65,156.92,5,35.01
2025-10-20,2011.8,452.98,156.31,3,34.18
2025-10-21,2016.0,464.91,157.31,4,35.67
2025-10-22,1983.9,469.47,155.08,5,35.71
2025-10-23,1995.0,462.16,160.92,3,33.53
2025-10-24,2011.7,467.87,154.2,4,34.04
2025-10-25,2049.3,471.44,159.51,2,34.58
2025-10-26,2066.1,470.23,161.9,2,34.93
2025-10-27,2025.1,472.15,160.11,5,35.19
2025-10-28,1984.6,467.97,158.37,4,34.3
2025-10-29,2018.8,464.95,157.7,3,34.0
2025-10-30,2055.3,456.89,162.7,3,34.03
2025-10-31,1966.7,464.0,155.62,3,34.35
2025-11-01,1982.7,461.36,157.28,2,33.43
2025-11-02,2049.0,476.79,159.29,2,34.46
2025-11-03,2030.9,465.42,164.48,2,33.3
2025-11-04,2011.7,467.29,162.2,3,34.7
2025-11-05,2027.1,469.82,158.44,5,35.5
2025-11-06,2047.3,467.67,160.7,3,34.06
2025-11-07,2032.2,476.33,160.06,2,34.31
2025-11-08,2013.2,465.16,160.05,3,34.28
2025-11-09,2050.0,469.67,165.39,5,35.27
2025-11-10,2008.6,465.42,158.6,2,32.69
2025-11-11,2058.6,462.97,167.81,2,33.95
2025-11-12,2082.6,466.96,165.73,3,34.99
2025-11-13,2016.7,470.3,166.77,4,34.57
2025-11-14,1996.7,468.8,162.36,3,34.12
2025-11-15,2038.3,467.97,163.55,5,35.92
2025-11-16,1985.1,464.88,159.94,6,35.22
2025-11-17,2001.2,471.99,162.91,4,33.85
2025-11-18,1979.2,465.39,166.2,4,34.34
2025-11-19,2043.9,477.22,168.83,3,34.75
2025-11-20,2034.4,474.35,161.85,2,33.86
2025-11-21,2016.4,467.18,164.3,6,35.83
2025-11-22,2075.3,473.45,165.16,3,34.32
2025-11-23,2063.8,471.78,161.64,2,34.33
2025-11-24,2100.4,477.68,167.81,4,34.98
2025-11-25,2054.3,483.34,164.06,3,34.77
2025-11-26,2063.0,467.83,165.85,3,35.0
2025-11-27,2055.8,478.35,165.27,3,34.76
2025-11-28,2050.4,477.55,164.45,3,34.68
2025-11-29,2045.7,482.29,166.98,5,35.61
2025-11-30,1997.4,480.58,166.53,3,34.42
2025-12-01,2062.9,476.35,166.24,3,35.13
2025-12-02,2078.2,479.12,165.34,3,35.29
2025-12-03,2015.2,477.34,168.64,4,35.45
2025-12-04,2076.3,487.31,172.8,4,35.59
2025-12-05,2085.6,482.65,168.41,3,34.46
2025-12-06,2072.3,492.67,171.13,4,35.91
2025-12-07,2083.3,483.49,164.11,2,35.26
2025-12-08,2055.6,480.88,168.89,5,36.64
2025-12-09,2033.6,477.49,165.26,3,35.21
2025-12-10,2074.8,476.69,164.25,4,35.15
2025-12-11,2027.5,478.43,166.58,2,34.27
2025-12-12,2059.4,488.33,172.49,2,34.49
2025-12-13,2056.6,490.19,171.87,3,34.84
2025-12-14,2031.7,480.4,169.85,5,35.41
2025-12-15,2073.2,493.44,164.63,3,35.7
2025-12-16,2055.4,487.21,168.73,5,35.12
2025-12-17,2089.4,491.03,170.31,3,34.88
2025-12-18,2045.2,499.02,170.01,3,35.53
2025-12-19,2044.2,496.12,164.03,2,35.18
2025-12-20,2071.6,490.96,166.96,5,35.67
2025-12-21,2108.5,488.53,169.5,2,35.66
2025-12-22,2076.5,482.9,171.36,5,36.25
2025-12-23,2047.8,490.75,163.21,5,35.64
2025-12-24,2042.4,493.97,169.36,5,34.77
2025-12-25,2060.6,490.77,170.31,3,34.38
2025-12-26,2087.5,495.74,172.47,4,35.47
2025-12-27,2031.3,497.46,172.03,4,35.62
2025-12-28,2058.1,496.64,171.72,2,35.02
2025-12-29,2059.5,495.2,167.59,4,35.32
2025-12-30,2072.1,499.98,164.27,2,34.78
2025-12-31,2089.3,502.04,168.82,3,35.43
2026-01-01,2073.6,495.24,173.0,2,34.73
2026-01-02,2123.6,508.43,174.17,2,35.48
2026-01-03,2099.7,501.57,172.11,3,35.51
2026-01-04,2087.5,502.84,171.24,3,34.77
2026-01-05,2118.7,506.98,171.06,4,36.07
2026-01-06,2108.4,505.29,168.23,2,35.24
2026-01-07,2066.9,509.57,169.46,3,35.78
2026-01-08,2109.2,506.92,174.82,2,34.95
2026-01-09,2110.8,503.11,166.93,3,35.71
2026-01-10,2138.5,508.65,174.55,4,36.56
2026-01-11,2099.3,501.81,168.68,3,35.46
2026-01-12,2104.4,508.74,173.55,4,35.36
2026-01-13,2104.2,508.7,165.28,3,36.07
2026-01-14,2125.3,508.5,171.18,4,36.53
2026-01-15,2101.5,509.56,167.13,3,35.75
2026-01-16,2087.9,501.46,165.0,3,35.44
2026-01-17,2096.5,508.79,169.81,4,35.29
2026-01-18,2079.7,512.65,172.08,2,35.44
2026-01-19,2098.9,513.64,166.41,4,36.69
2026-01-20,2074.3,508.35,164.33,4,35.37
2026-01-21,2100.7,520.47,168.43,3,36.35
2026-01-22,2138.2,510.45,168.32,2,36.01
2026-01-23,2144.4,520.26,170.1,2,35.3
2026-01-24,2077.3,518.19,171.17,5,36.23
2026-01-25,2079.0,513.45,168.0,4,35.38
2026-01-26,2127.4,526.18,173.6,2,35.69
2026-01-27,2089.0,511.95,168.55,3,35.77
2026-01-28,2126.0,523.13,166.69,3,35.53
2026-01-29,2080.6,524.14,162.73,5,36.66
2026-01-30,2131.8,516.39,166.61,2,35.86
2026-01-31,2122.3,527.3,166.21,2,35.95
2026-02-01,2110.9,519.67,169.93,5,36.86
2026-02-02,2120.6,522.95,168.25,2,35.12
2026-02-03,2100.9,523.39,163.14,2,35.41
2026-02-04,2066.2,521.98,167.0,6,36.9
2026-02-05,2127.8,527.27,168.3,4,37.12
2026-02-06,2124.9,527.74,170.67,3,36.12
2026-02-07,2086.6,515.58,168.54,2,35.4
2026-02-08,2160.4,531.39,167.95,2,35.68
2026-02-09,2123.6,517.09,165.63,2,35.08
2026-02-10,2190.4,531.09,166.39,5,36.98
2026-02-11,2156.5,532.08,168.75,3,36.27
2026-02-12,2087.7,521.51,160.78,4,36.95
2026-02-13,2092.5,525.41,163.49,5,36.46
2026-02-14,2095.3,522.43,161.98,3,35.94
2026-02-15,2104.8,527.38,165.2,2,35.77
2026-02-16,2128.8,527.39,167.5,3,35.7
2026-02-17,2085.0,533.3,161.77,5,36.51
2026-02-18,2133.1,536.42,156.13,5,37.36
2026-02-19,2131.8,537.3,161.81,2,36.09
2026-02-20,2136.3,527.95,165.52,4,35.81
2026-02-21,2094.9,530.15,164.13,3,36.15
2026-02-22,2118.0,523.21,163.53,5,36.57
2026-02-23,2146.8,528.01,161.13,2,35.68
2026-02-24,2100.1,537.27,157.86,3,36.22
2026-02-25,2115.1,540.92,162.96,5,37.64
2026-02-26,2125.6,527.06,158.63,3,36.03
2026-02-27,2106.5,530.65,167.4,3,36.48
2026-02-28,2119.5,533.85,162.26,2,35.19
2026-03-01,2157.5,535.74,158.52,3,36.55
2026-03-02,2090.4,530.64,158.13,3,35.67
2026-03-03,2163.1,537.14,159.38,5,37.47
2026-03-04,2108.4,532.98,158.64,3,35.94
2026-03-05,2100.2,535.59,162.41,3,35.5
2026-03-06,2141.8,538.7,159.31,4,36.46
2026-03-07,2119.6,536.3,156.24,2,35.14
2026-03-08,2129.5,534.37,163.79,3,35.73
2026-03-09,2101.1,536.28,157.96,4,36.65
2026-03-10,2127.1,536.65,159.8,5,36.97
2026-03-11,2062.2,535.49,155.34,4,36.22
2026-03-12,2125.8,536.29,157.94,4,37.38
2026-03-13,2166.1,545.81,157.46,2,36.2
2026-03-14,2068.2,540.84,150.53,5,36.91
2026-03-15,2118.8,536.76,161.91,2,35.81
2026-03-16,2109.8,541.92,159.41,4,37.71
2026-03-17,2075.7,536.95,154.02,3,34.65
2026-03-18,2068.8,544.66,151.57,5,36.43
2026-03-19,2092.9,540.8,155.58,4,36.72
2026-03-20,2110.7,538.57,154.46,4,36.26
2026-03-21,2150.8,541.48,154.93,2,36.36
2026-03-22,2067.4,531.52,154.1,3,35.69
2026-03-23,2117.6,533.85,154.71,4,36.89
2026-03-24,2120.3,533.62,157.19,4,36.11
2026-03-25,2160.8,540.4,154.21,2,36.26
2026-03-26,2135.0,548.43,149.02,6,37.89
2026-03-27,2154.0,550.99,155.91,5,37.55
2026-03-28,2144.9,543.08,156.4,3,36.57
2026-03-29,2111.7,542.44,160.6,5,37.51
2026-03-30,2077.0,530.96,147.42,3,35.11
2026-03-31,2136.2,537.28,151.18,3,36.4
2026-04-01,2040.5,536.06,143.86,3,35.08
2026-04-02,2091.1,536.89,151.42,3,36.29
2026-04-03,2071.0,539.14,147.77,4,35.92
2026-04-04,2121.9,537.6,154.85,3,35.25
2026-04-05,2077.3,530.02,146.41,4,36.48
2026-04-06,2117.7,543.61,143.32,4,36.59
2026-04-07,2092.2,534.44,146.63,4,36.5
2026-04-08,2056.3,540.93,141.78,2,35.94
2026-04-09,2086.8,550.02,149.62,5,37.09
2026-04-10,2083.9,534.96,140.83,3,35.96
2026-04-11,2064.4,526.79,146.77,3,35.6
2026-04-12,2073.7,537.9,140.11,2,35.0
2026-04-13,2130.6,544.7,145.05,3,36.33
2026-04-14,2143.4,548.84,150.6,5,38.17
2026-04-15,2136.9,532.75,146.42,3,36.14
2026-04-16,2088.7,541.21,142.41,4,36.37
2026-04-17,2077.5,536.23,144.57,2,35.97
2026-04-18,2106.0,537.83,144.39,3,35.5
2026-04-19,2103.9,551.38,145.43,6,37.75
2026-04-20,2061.6,530.44,139.58,4,35.41
2026-04-21,2093.7,539.0,145.13,2,35.79
2026-04-22,2120.9,539.83,134.92,3,36.26
2026-04-23,2113.3,542.68,140.82,2,36.09
2026-04-24,2108.3,537.48,140.93,3,35.72
2026-04-25,2135.5,538.27,143.97,4,36.54
2026-04-26,2108.0,534.49,141.83,4,36.75
2026-04-27,2052.4,537.5,137.23,2,35.08
2026-04-28,2099.8,534.14,138.18,5,37.11
2026-04-29,2116.2,538.66,141.43,3,36.29
2026-04-30,2096.9,533.38,140.29,3,35.8
2026-05-01,2077.3,536.78,138.49,3,35.74
2026-05-02,2092.2,534.41,138.48,4,36.36
2026-05-03,2092.7,539.83,141.72,3,35.95
2026-05-04,2051.5,533.58,137.78,3,35.91
2026-05-05,2046.2,524.6,138.78,3,35.29
2026-05-06,2117.2,539.4,145.27,2,35.6
2026-05-07,2038.0,528.17,134.21,5,36.59
2026-05-08,2038.5,529.03,132.64,3,35.27
2026-05-09,2092.7,528.91,140.27,2,35.26
2026-05-10,2082.1,538.34,135.61,4,35.34
2026-05-11,2067.8,520.36,136.43,5,35.93
2026-05-12,2058.2,546.28,134.77,5,36.32
2026-05-13,2089.0,535.43,136.08,3,35.73
2026-05-14,2062.5,530.81,141.39,2,34.97
2026-05-15,2045.5,528.95,138.75,3,35.89
2026-05-16,2060.0,530.18,138.68,2,34.92
2026-05-17,2093.6,530.87,131.6,5,36.43
2026-05-18,2051.7,531.0,132.16,2,35.24
2026-05-19,2103.8,530.06,126.86,3,35.54
2026-05-20,2004.7,527.22,132.71,3,35.77
2026-05-21,2024.8,525.27,137.78,3,35.6
2026-05-22,2093.0,524.98,136.24,4,35.75
2026-05-23,2093.3,524.23,133.8,3,36.22
2026-05-24,2042.3,530.33,134.19,2,35.58
2026-05-25,2056.3,527.09,131.98,3,35.1
2026-05-26,2050.0,508.87,134.45,3,34.77
2026-05-27,2055.6,526.29,135.94,2,34.89
2026-05-28,2046.1,523.42,128.6,4,35.25
2026-05-29,2051.2,521.77,134.15,3,35.12
2026-05-30,2013.7,519.35,135.87,4,35.34
2026-05-31,2044.2,526.32,131.64,5,36.45
2026-06-01,2057.2,524.85,134.81,5,36.36
2026-06-02,2058.0,515.65,140.99,5,36.14
2026-06-03,2002.3,520.95,132.06,2,34.44
2026-06-04,2055.8,513.44,133.4,2,34.42
2026-06-05,2029.1,510.79,129.85,3,35.33
2026-06-06,2009.4,513.93,132.46,5,36.01
2026-06-07,2092.4,520.75,133.15,6,36.7
2026-06-08,2036.6,520.58,132.21,5,35.66
2026-06-09,2026.4,517.74,128.44,2,35.4
2026-06-10,2057.3,518.16,131.99,5,36.33
2026-06-11,2093.1,516.48,135.63,3,35.85
2026-06-12,2047.0,510.04,132.47,2,35.0
2026-06-13,2060.6,514.76,133.9,3,34.93
2026-06-14,2009.3,515.94,130.2,2,35.21
2026-06-15,2040.9,515.06,133.06,3,35.09
2026-06-16,2024.7,516.57,131.56,3,35.47
2026-06-17,2043.4,513.5,127.78,3,35.83
2026-06-18,2049.5,511.05,131.5,4,35.69
2026-06-19,2066.8,513.97,127.49,5,35.77
2026-06-20,1964.8,507.81,128.5,4,33.94
2026-06-21,2000.3,502.86,130.9,3,34.73
2026-06-22,2053.5,505.78,131.17,5,36.11
2026-06-23,1971.5,502.19,126.65,5,35.07
2026-06-24,2039.6,501.86,133.33,2,34.7
2026-06-25,2047.8,503.83,131.85,3,35.31
2026-06-26,2005.1,499.9,127.98,3,35.14
2026-06-27,1967.8,501.64,125.45,2,33.98
2026-06-28,1995.7,493.02,129.6,4,34.94
2026-06-29,2048.1,502.87,128.68,5,35.86
2026-06-30,2050.9,501.12,130.35,2,34.74
2026-07-01,2007.5,496.34,128.91,5,35.3
2026-07-02,1978.1,503.04,123.98,5,35.16
2026-07-03,2056.8,503.74,128.84,5,35.83
2026-07-04,2014.2,490.33,129.1,3,34.73
2026-07-05,1981.9,493.87,131.93,5,34.92
2026-07-06,2004.2,493.15,127.96,3,34.45
2026-07-07,2015.1,491.61,135.12,3,35.42
2026-07-08,1982.5,499.77,124.39,2,34.52
2026-07-09,2017.8,493.97,134.09,2,33.97
2026-07-10,2026.1,492.93,129.53,4,35.55
2026-07-11,1983.6,483.56,132.84,3,34.57
2026-07-12,2035.4,496.08,130.56,3,34.88
2026-07-13,1952.8,486.03,133.8,2,33.43
2026-07-14,2051.8,491.85,129.29,4,35.06
2026-07-15,1994.3,492.26,127.23,2,34.23
2026-07-16,2042.1,497.01,134.87,5,35.45
2026-07-17,1990.7,483.0,130.36,2,34.41
2026-07-18,1953.0,473.78,131.45,2,34.08
2026-07-19,2002.0,489.14,134.59,3,34.54
2026-07-20,1952.9,496.57,127.9,3,34.73
2026-07-21,2022.6,493.11,132.89,3,34.61
2026-07-22,1994.7,487.31,129.45,3,34.18
2026-07-23,1981.8,483.16,130.94,6,35.94
2026-07-24,2015.7,489.02,131.68,4,35.69
2026-07-25,1974.3,479.48,127.09,2,34.57
2026-07-26,2003.1,486.1,129.4,3,34.65
2026-07-27,2024.3,485.62,135.93,5,35.82
2026-07-28,1987.3,487.77,134.68,3,34.54
2026-07-29,1986.6,495.65,131.99,2,34.69
2026-07-30,1947.9,483.2,133.07,4,34.6
2026-07-31,1983.4,478.09,131.62,4,34.96
2026-08-01,2004.6,479.91,136.74,3,33.98
2026-08-02,1937.3,470.6,132.24,2,33.26
2026-08-03,2016.0,475.38,133.72,2,34.38
2026-08-04,1967.1,476.23,136.64,4,34.77
2026-08-05,1922.2,475.08,131.06,2,33.66
2026-08-06,2030.7,477.9,138.27,3,34.66
2026-08-07,1917.8,472.46,129.2,3,33.37
2026-08-08,2024.3,481.62,138.88,3,34.6
2026-08-09,1997.4,475.47,133.08,5,35.13
2026-08-10,1987.7,474.88,133.69,5,35.12
2026-08-11,1954.0,472.76,128.96,4,33.94
2026-08-12,1991.5,474.65,133.49,2,33.75
2026-08-13,2006.4,477.48,131.96,2,33.98
2026-08-14,1945.1,468.51,133.49,3,32.89
2026-08-15,1998.3,469.06,135.14,2,34.15
2026-08-16,2006.1,470.33,138.66,6,35.57
2026-08-17,1977.6,464.64,136.66,2,33.7
2026-08-18,1961.2,466.8,137.21,3,33.68
2026-08-19,1991.9,468.04,133.25,3,34.39
2026-08-20,1992.5,474.34,134.15,4,34.32
2026-08-21,1965.7,470.83,142.45,2,33.32
2026-08-22,1966.1,470.04,135.11,3,34.23
2026-08-23,2014.9,472.9,142.55,3,34.56
2026-08-24,1978.4,467.53,137.13,5,34.33
2026-08-25,2008.1,469.76,138.14,2,34.54
2026-08-26,1975.0,466.89,141.62,5,34.5
2026-08-27,1962.5,468.34,142.51,5,34.67
2026-08-28,2027.7,463.71,138.64,3,35.08
2026-08-29,1915.3,454.06,138.1,4,32.91
2026-08-30,1964.1,465.22,139.39,2,32.81
2026-08-31,1997.7,472.65,140.87,6,35.65
